ref_date,geo,dguid,labour_force_characteristics,north_american_industry_classification_system_(naics),gender,age_group,uom,uom_id,scalar_factor,scalar_id,vector,coordinate,value,status,decimals
2020,Newfoundland and Labrador,2021A000210,Employment,"Total, all industries",Total - Gender,15 years and over,Persons in thousands,428,thousands,3,v2363892,2.2.1.1.1,217.3,Unknown,1
2021,Newfoundland and Labrador,2021A000210,Employment,"Total, all industries",Total - Gender,15 years and over,Persons in thousands,428,thousands,3,v2363892,2.2.1.1.1,225.1,Unknown,1
2022,Newfoundland and Labrador,2021A000210,Employment,"Total, all industries",Total - Gender,15 years and over,Persons in thousands,428,thousands,3,v2363892,2.2.1.1.1,234.2,Unknown,1
2023,Newfoundland and Labrador,2021A000210,Employment,"Total, all industries",Total - Gender,15 years and over,Persons in thousands,428,thousands,3,v2363892,2.2.1.1.1,238.3,Unknown,1
2024,Newfoundland and Labrador,2021A000210,Employment,"Total, all industries",Total - Gender,15 years and over,Persons in thousands,428,thousands,3,v2363892,2.2.1.1.1,245.0,Unknown,1
2020,Newfoundland and Labrador,2021A000210,Employment,Goods-producing sector,Total - Gender,15 years and over,Persons in thousands,428,thousands,3,v2363893,2.2.2.1.1,43.6,Unknown,1
2021,Newfoundland and Labrador,2021A000210,Employment,Goods-producing sector,Total - Gender,15 years and over,Persons in thousands,428,thousands,3,v2363893,2.2.2.1.1,46.4,Unknown,1
2022,Newfoundland and Labrador,2021A000210,Employment,Goods-producing sector,Total - Gender,15 years and over,Persons in thousands,428,thousands,3,v2363893,2.2.2.1.1,48.2,Unknown,1
2023,Newfoundland and Labrador,2021A000210,Employment,Goods-producing sector,Total - Gender,15 years and over,Persons in thousands,428,thousands,3,v2363893,2.2.2.1.1,49.7,Unknown,1
2024,Newfoundland and Labrador,2021A000210,Employment,Goods-producing sector,Total - Gender,15 years and over,Persons in thousands,428,thousands,3,v2363893,2.2.2.1.1,49.8,Unknown,1
2020,Newfoundland and Labrador,2021A000210,Employment,"Agriculture [111-112, 1100, 1151-1152]",Total - Gender,15 years and over,Persons in thousands,428,thousands,3,v2363894,2.2.3.1.1,1.2,Unknown,1
2021,Newfoundland and Labrador,2021A000210,Employment,"Agriculture [111-112, 1100, 1151-1152]",Total - Gender,15 years and over,Persons in thousands,428,thousands,3,v2363894,2.2.3.1.1,1.1,Unknown,1
2022,Newfoundland and Labrador,2021A000210,Employment,"Agriculture [111-112, 1100, 1151-1152]",Total - Gender,15 years and over,Persons in thousands,428,thousands,3,v2363894,2.2.3.1.1,0.9,Unknown,1
2023,Newfoundland and Labrador,2021A000210,Employment,"Agriculture [111-112, 1100, 1151-1152]",Total - Gender,15 years and over,Persons in thousands,428,thousands,3,v2363894,2.2.3.1.1,1.2,Unknown,1
2024,Newfoundland and Labrador,2021A000210,Employment,"Agriculture [111-112, 1100, 1151-1152]",Total - Gender,15 years and over,Persons in thousands,428,thousands,3,v2363894,2.2.3.1.1,1.2,Unknown,1
2020,Newfoundland and Labrador,2021A000210,Employment,"Forestry, fishing, mining, quarrying, oil and gas [21, 113-114, 1153, 2100]",Total - Gender,15 years and over,Persons in thousands,428,thousands,3,v2363895,2.2.4.1.1,13.1,Unknown,1
2021,Newfoundland and Labrador,2021A000210,Employment,"Forestry, fishing, mining, quarrying, oil and gas [21, 113-114, 1153, 2100]",Total - Gender,15 years and over,Persons in thousands,428,thousands,3,v2363895,2.2.4.1.1,15.0,Unknown,1
2022,Newfoundland and Labrador,2021A000210,Employment,"Forestry, fishing, mining, quarrying, oil and gas [21, 113-114, 1153, 2100]",Total - Gender,15 years and over,Persons in thousands,428,thousands,3,v2363895,2.2.4.1.1,16.2,Unknown,1
2023,Newfoundland and Labrador,2021A000210,Employment,"Forestry, fishing, mining, quarrying, oil and gas [21, 113-114, 1153, 2100]",Total - Gender,15 years and over,Persons in thousands,428,thousands,3,v2363895,2.2.4.1.1,16.6,Unknown,1
2024,Newfoundland and Labrador,2021A000210,Employment,"Forestry, fishing, mining, quarrying, oil and gas [21, 113-114, 1153, 2100]",Total - Gender,15 years and over,Persons in thousands,428,thousands,3,v2363895,2.2.4.1.1,16.8,Unknown,1
2020,Newfoundland and Labrador,2021A000210,Employment,"Forestry and logging and support activities for forestry [113, 1153]",Total - Gender,15 years and over,Persons in thousands,428,thousands,3,v2363896,2.2.5.1.1,0.8,Unknown,1
2021,Newfoundland and Labrador,2021A000210,Employment,"Forestry and logging and support activities for forestry [113, 1153]",Total - Gender,15 years and over,Persons in thousands,428,thousands,3,v2363896,2.2.5.1.1,1.0,Unknown,1
2022,Newfoundland and Labrador,2021A000210,Employment,"Forestry and logging and support activities for forestry [113, 1153]",Total - Gender,15 years and over,Persons in thousands,428,thousands,3,v2363896,2.2.5.1.1,410.97272727272724,x,1
2023,Newfoundland and Labrador,2021A000210,Employment,"Forestry and logging and support activities for forestry [113, 1153]",Total - Gender,15 years and over,Persons in thousands,428,thousands,3,v2363896,2.2.5.1.1,410.97272727272724,x,1
2024,Newfoundland and Labrador,2021A000210,Employment,"Forestry and logging and support activities for forestry [113, 1153]",Total - Gender,15 years and over,Persons in thousands,428,thousands,3,v2363896,2.2.5.1.1,410.97272727272724,x,1
2020,Newfoundland and Labrador,2021A000210,Employment,"Fishing, hunting and trapping [114]",Total - Gender,15 years and over,Persons in thousands,428,thousands,3,v2363897,2.2.6.1.1,3.6,Unknown,1
2021,Newfoundland and Labrador,2021A000210,Employment,"Fishing, hunting and trapping [114]",Total - Gender,15 years and over,Persons in thousands,428,thousands,3,v2363897,2.2.6.1.1,3.7,Unknown,1
2022,Newfoundland and Labrador,2021A000210,Employment,"Fishing, hunting and trapping [114]",Total - Gender,15 years and over,Persons in thousands,428,thousands,3,v2363897,2.2.6.1.1,3.8,Unknown,1
2023,Newfoundland and Labrador,2021A000210,Employment,"Fishing, hunting and trapping [114]",Total - Gender,15 years and over,Persons in thousands,428,thousands,3,v2363897,2.2.6.1.1,2.2,Unknown,1
2024,Newfoundland and Labrador,2021A000210,Employment,"Fishing, hunting and trapping [114]",Total - Gender,15 years and over,Persons in thousands,428,thousands,3,v2363897,2.2.6.1.1,2.2,Unknown,1
2020,Newfoundland and Labrador,2021A000210,Employment,"Mining, quarrying, and oil and gas extraction [21, 2100]",Total - Gender,15 years and over,Persons in thousands,428,thousands,3,v2363898,2.2.7.1.1,8.8,Unknown,1
2021,Newfoundland and Labrador,2021A000210,Employment,"Mining, quarrying, and oil and gas extraction [21, 2100]",Total - Gender,15 years and over,Persons in thousands,428,thousands,3,v2363898,2.2.7.1.1,10.3,Unknown,1
2022,Newfoundland and Labrador,2021A000210,Employment,"Mining, quarrying, and oil and gas extraction [21, 2100]",Total - Gender,15 years and over,Persons in thousands,428,thousands,3,v2363898,2.2.7.1.1,12.0,Unknown,1
2023,Newfoundland and Labrador,2021A000210,Employment,"Mining, quarrying, and oil and gas extraction [21, 2100]",Total - Gender,15 years and over,Persons in thousands,428,thousands,3,v2363898,2.2.7.1.1,14.1,Unknown,1
2024,Newfoundland and Labrador,2021A000210,Employment,"Mining, quarrying, and oil and gas extraction [21, 2100]",Total - Gender,15 years and over,Persons in thousands,428,thousands,3,v2363898,2.2.7.1.1,14.3,Unknown,1
2020,Newfoundland and Labrador,2021A000210,Employment,Utilities [22],Total - Gender,15 years and over,Persons in thousands,428,thousands,3,v2363899,2.2.8.1.1,3.2,Unknown,1
2021,Newfoundland and Labrador,2021A000210,Employment,Utilities [22],Total - Gender,15 years and over,Persons in thousands,428,thousands,3,v2363899,2.2.8.1.1,2.4,Unknown,1
2022,Newfoundland and Labrador,2021A000210,Employment,Utilities [22],Total - Gender,15 years and over,Persons in thousands,428,thousands,3,v2363899,2.2.8.1.1,2.1,Unknown,1
2023,Newfoundland and Labrador,2021A000210,Employment,Utilities [22],Total - Gender,15 years and over,Persons in thousands,428,thousands,3,v2363899,2.2.8.1.1,2.5,Unknown,1
2024,Newfoundland and Labrador,2021A000210,Employment,Utilities [22],Total - Gender,15 years and over,Persons in thousands,428,thousands,3,v2363899,2.2.8.1.1,2.1,Unknown,1
2020,Newfoundland and Labrador,2021A000210,Employment,Construction [23],Total - Gender,15 years and over,Persons in thousands,428,thousands,3,v2363900,2.2.9.1.1,16.5,Unknown,1
2021,Newfoundland and Labrador,2021A000210,Employment,Construction [23],Total - Gender,15 years and over,Persons in thousands,428,thousands,3,v2363900,2.2.9.1.1,17.2,Unknown,1
2022,Newfoundland and Labrador,2021A000210,Employment,Construction [23],Total - Gender,15 years and over,Persons in thousands,428,thousands,3,v2363900,2.2.9.1.1,18.8,Unknown,1
2023,Newfoundland and Labrador,2021A000210,Employment,Construction [23],Total - Gender,15 years and over,Persons in thousands,428,thousands,3,v2363900,2.2.9.1.1,19.6,Unknown,1
2024,Newfoundland and Labrador,2021A000210,Employment,Construction [23],Total - Gender,15 years and over,Persons in thousands,428,thousands,3,v2363900,2.2.9.1.1,19.8,Unknown,1
2020,Newfoundland and Labrador,2021A000210,Employment,Manufacturing [31-33],Total - Gender,15 years and over,Persons in thousands,428,thousands,3,v2363901,2.2.10.1.1,9.5,Unknown,1
2021,Newfoundland and Labrador,2021A000210,Employment,Manufacturing [31-33],Total - Gender,15 years and over,Persons in thousands,428,thousands,3,v2363901,2.2.10.1.1,10.6,Unknown,1
2022,Newfoundland and Labrador,2021A000210,Employment,Manufacturing [31-33],Total - Gender,15 years and over,Persons in thousands,428,thousands,3,v2363901,2.2.10.1.1,10.1,Unknown,1
2023,Newfoundland and Labrador,2021A000210,Employment,Manufacturing [31-33],Total - Gender,15 years and over,Persons in thousands,428,thousands,3,v2363901,2.2.10.1.1,9.8,Unknown,1
2024,Newfoundland and Labrador,2021A000210,Employment,Manufacturing [31-33],Total - Gender,15 years and over,Persons in thousands,428,thousands,3,v2363901,2.2.10.1.1,9.9,Unknown,1
2020,Newfoundland and Labrador,2021A000210,Employment,"Durables [321, 327, 331-339]",Total - Gender,15 years and over,Persons in thousands,428,thousands,3,v2363902,2.2.11.1.1,3.1,Unknown,1
2021,Newfoundland and Labrador,2021A000210,Employment,"Durables [321, 327, 331-339]",Total - Gender,15 years and over,Persons in thousands,428,thousands,3,v2363902,2.2.11.1.1,3.3,Unknown,1
2022,Newfoundland and Labrador,2021A000210,Employment,"Durables [321, 327, 331-339]",Total - Gender,15 years and over,Persons in thousands,428,thousands,3,v2363902,2.2.11.1.1,3.0,Unknown,1
2023,Newfoundland and Labrador,2021A000210,Employment,"Durables [321, 327, 331-339]",Total - Gender,15 years and over,Persons in thousands,428,thousands,3,v2363902,2.2.11.1.1,3.8,Unknown,1
2024,Newfoundland and Labrador,2021A000210,Employment,"Durables [321, 327, 331-339]",Total - Gender,15 years and over,Persons in thousands,428,thousands,3,v2363902,2.2.11.1.1,3.0,Unknown,1
2020,Newfoundland and Labrador,2021A000210,Employment,"Non-durables [311-316, 322-326]",Total - Gender,15 years and over,Persons in thousands,428,thousands,3,v2363903,2.2.12.1.1,6.4,Unknown,1
2021,Newfoundland and Labrador,2021A000210,Employment,"Non-durables [311-316, 322-326]",Total - Gender,15 years and over,Persons in thousands,428,thousands,3,v2363903,2.2.12.1.1,7.3,Unknown,1
2022,Newfoundland and Labrador,2021A000210,Employment,"Non-durables [311-316, 322-326]",Total - Gender,15 years and over,Persons in thousands,428,thousands,3,v2363903,2.2.12.1.1,7.1,Unknown,1
2023,Newfoundland and Labrador,2021A000210,Employment,"Non-durables [311-316, 322-326]",Total - Gender,15 years and over,Persons in thousands,428,thousands,3,v2363903,2.2.12.1.1,6.0,Unknown,1
2024,Newfoundland and Labrador,2021A000210,Employment,"Non-durables [311-316, 322-326]",Total - Gender,15 years and over,Persons in thousands,428,thousands,3,v2363903,2.2.12.1.1,6.8,Unknown,1
2020,Newfoundland and Labrador,2021A000210,Employment,Services-producing sector,Total - Gender,15 years and over,Persons in thousands,428,thousands,3,v2363919,2.2.13.1.1,173.7,Unknown,1
2021,Newfoundland and Labrador,2021A000210,Employment,Services-producing sector,Total - Gender,15 years and over,Persons in thousands,428,thousands,3,v2363919,2.2.13.1.1,178.7,Unknown,1
2022,Newfoundland and Labrador,2021A000210,Employment,Services-producing sector,Total - Gender,15 years and over,Persons in thousands,428,thousands,3,v2363919,2.2.13.1.1,186.0,Unknown,1
2023,Newfoundland and Labrador,2021A000210,Employment,Services-producing sector,Total - Gender,15 years and over,Persons in thousands,428,thousands,3,v2363919,2.2.13.1.1,188.6,Unknown,1
2024,Newfoundland and Labrador,2021A000210,Employment,Services-producing sector,Total - Gender,15 years and over,Persons in thousands,428,thousands,3,v2363919,2.2.13.1.1,195.2,Unknown,1
2020,Newfoundland and Labrador,2021A000210,Employment,"Wholesale and retail trade [41, 44-45]",Total - Gender,15 years and over,Persons in thousands,428,thousands,3,v2363918,2.2.14.1.1,35.3,Unknown,1
2021,Newfoundland and Labrador,2021A000210,Employment,"Wholesale and retail trade [41, 44-45]",Total - Gender,15 years and over,Persons in thousands,428,thousands,3,v2363918,2.2.14.1.1,38.4,Unknown,1
2022,Newfoundland and Labrador,2021A000210,Employment,"Wholesale and retail trade [41, 44-45]",Total - Gender,15 years and over,Persons in thousands,428,thousands,3,v2363918,2.2.14.1.1,38.0,Unknown,1
2023,Newfoundland and Labrador,2021A000210,Employment,"Wholesale and retail trade [41, 44-45]",Total - Gender,15 years and over,Persons in thousands,428,thousands,3,v2363918,2.2.14.1.1,36.6,Unknown,1
2024,Newfoundland and Labrador,2021A000210,Employment,"Wholesale and retail trade [41, 44-45]",Total - Gender,15 years and over,Persons in thousands,428,thousands,3,v2363918,2.2.14.1.1,38.0,Unknown,1
2020,Newfoundland and Labrador,2021A000210,Employment,Wholesale trade [41],Total - Gender,15 years and over,Persons in thousands,428,thousands,3,v2363904,2.2.15.1.1,5.2,Unknown,1
2021,Newfoundland and Labrador,2021A000210,Employment,Wholesale trade [41],Total - Gender,15 years and over,Persons in thousands,428,thousands,3,v2363904,2.2.15.1.1,6.2,Unknown,1
2022,Newfoundland and Labrador,2021A000210,Employment,Wholesale trade [41],Total - Gender,15 years and over,Persons in thousands,428,thousands,3,v2363904,2.2.15.1.1,5.5,Unknown,1
2023,Newfoundland and Labrador,2021A000210,Employment,Wholesale trade [41],Total - Gender,15 years and over,Persons in thousands,428,thousands,3,v2363904,2.2.15.1.1,5.1,Unknown,1
2024,Newfoundland and Labrador,2021A000210,Employment,Wholesale trade [41],Total - Gender,15 years and over,Persons in thousands,428,thousands,3,v2363904,2.2.15.1.1,5.4,Unknown,1
2020,Newfoundland and Labrador,2021A000210,Employment,Retail trade [44-45],Total - Gender,15 years and over,Persons in thousands,428,thousands,3,v2363905,2.2.16.1.1,30.1,Unknown,1
2021,Newfoundland and Labrador,2021A000210,Employment,Retail trade [44-45],Total - Gender,15 years and over,Persons in thousands,428,thousands,3,v2363905,2.2.16.1.1,32.2,Unknown,1
2022,Newfoundland and Labrador,2021A000210,Employment,Retail trade [44-45],Total - Gender,15 years and over,Persons in thousands,428,thousands,3,v2363905,2.2.16.1.1,32.5,Unknown,1
2023,Newfoundland and Labrador,2021A000210,Employment,Retail trade [44-45],Total - Gender,15 years and over,Persons in thousands,428,thousands,3,v2363905,2.2.16.1.1,31.5,Unknown,1
2024,Newfoundland and Labrador,2021A000210,Employment,Retail trade [44-45],Total - Gender,15 years and over,Persons in thousands,428,thousands,3,v2363905,2.2.16.1.1,32.6,Unknown,1
2020,Newfoundland and Labrador,2021A000210,Employment,Transportation and warehousing [48-49],Total - Gender,15 years and over,Persons in thousands,428,thousands,3,v2363906,2.2.17.1.1,9.9,Unknown,1
2021,Newfoundland and Labrador,2021A000210,Employment,Transportation and warehousing [48-49],Total - Gender,15 years and over,Persons in thousands,428,thousands,3,v2363906,2.2.17.1.1,8.2,Unknown,1
2022,Newfoundland and Labrador,2021A000210,Employment,Transportation and warehousing [48-49],Total - Gender,15 years and over,Persons in thousands,428,thousands,3,v2363906,2.2.17.1.1,11.1,Unknown,1
2023,Newfoundland and Labrador,2021A000210,Employment,Transportation and warehousing [48-49],Total - Gender,15 years and over,Persons in thousands,428,thousands,3,v2363906,2.2.17.1.1,12.9,Unknown,1
2024,Newfoundland and Labrador,2021A000210,Employment,Transportation and warehousing [48-49],Total - Gender,15 years and over,Persons in thousands,428,thousands,3,v2363906,2.2.17.1.1,13.0,Unknown,1
2020,Newfoundland and Labrador,2021A000210,Employment,"Finance, insurance, real estate, rental and leasing [52, 53]",Total - Gender,15 years and over,Persons in thousands,428,thousands,3,v2363907,2.2.18.1.1,7.7,Unknown,1
2021,Newfoundland and Labrador,2021A000210,Employment,"Finance, insurance, real estate, rental and leasing [52, 53]",Total - Gender,15 years and over,Persons in thousands,428,thousands,3,v2363907,2.2.18.1.1,7.0,Unknown,1
2022,Newfoundland and Labrador,2021A000210,Employment,"Finance, insurance, real estate, rental and leasing [52, 53]",Total - Gender,15 years and over,Persons in thousands,428,thousands,3,v2363907,2.2.18.1.1,6.9,Unknown,1
2023,Newfoundland and Labrador,2021A000210,Employment,"Finance, insurance, real estate, rental and leasing [52, 53]",Total - Gender,15 years and over,Persons in thousands,428,thousands,3,v2363907,2.2.18.1.1,7.3,Unknown,1
2024,Newfoundland and Labrador,2021A000210,Employment,"Finance, insurance, real estate, rental and leasing [52, 53]",Total - Gender,15 years and over,Persons in thousands,428,thousands,3,v2363907,2.2.18.1.1,8.0,Unknown,1
2020,Newfoundland and Labrador,2021A000210,Employment,Finance and insurance [52],Total - Gender,15 years and over,Persons in thousands,428,thousands,3,v2363908,2.2.19.1.1,5.2,Unknown,1
2021,Newfoundland and Labrador,2021A000210,Employment,Finance and insurance [52],Total - Gender,15 years and over,Persons in thousands,428,thousands,3,v2363908,2.2.19.1.1,4.9,Unknown,1
2022,Newfoundland and Labrador,2021A000210,Employment,Finance and insurance [52],Total - Gender,15 years and over,Persons in thousands,428,thousands,3,v2363908,2.2.19.1.1,4.5,Unknown,1
2023,Newfoundland and Labrador,2021A000210,Employment,Finance and insurance [52],Total - Gender,15 years and over,Persons in thousands,428,thousands,3,v2363908,2.2.19.1.1,5.0,Unknown,1
2024,Newfoundland and Labrador,2021A000210,Employment,Finance and insurance [52],Total - Gender,15 years and over,Persons in thousands,428,thousands,3,v2363908,2.2.19.1.1,5.3,Unknown,1
2020,Newfoundland and Labrador,2021A000210,Employment,Real estate and rental and leasing [53],Total - Gender,15 years and over,Persons in thousands,428,thousands,3,v2363909,2.2.20.1.1,2.5,Unknown,1
2021,Newfoundland and Labrador,2021A000210,Employment,Real estate and rental and leasing [53],Total - Gender,15 years and over,Persons in thousands,428,thousands,3,v2363909,2.2.20.1.1,2.1,Unknown,1
2022,Newfoundland and Labrador,2021A000210,Employment,Real estate and rental and leasing [53],Total - Gender,15 years and over,Persons in thousands,428,thousands,3,v2363909,2.2.20.1.1,2.3,Unknown,1
2023,Newfoundland and Labrador,2021A000210,Employment,Real estate and rental and leasing [53],Total - Gender,15 years and over,Persons in thousands,428,thousands,3,v2363909,2.2.20.1.1,2.3,Unknown,1
2024,Newfoundland and Labrador,2021A000210,Employment,Real estate and rental and leasing [53],Total - Gender,15 years and over,Persons in thousands,428,thousands,3,v2363909,2.2.20.1.1,2.7,Unknown,1
2020,Newfoundland and Labrador,2021A000210,Employment,"Professional, scientific and technical services [54]",Total - Gender,15 years and over,Persons in thousands,428,thousands,3,v2363910,2.2.21.1.1,8.8,Unknown,1
2021,Newfoundland and Labrador,2021A000210,Employment,"Professional, scientific and technical services [54]",Total - Gender,15 years and over,Persons in thousands,428,thousands,3,v2363910,2.2.21.1.1,11.3,Unknown,1
2022,Newfoundland and Labrador,2021A000210,Employment,"Professional, scientific and technical services [54]",Total - Gender,15 years and over,Persons in thousands,428,thousands,3,v2363910,2.2.21.1.1,11.8,Unknown,1
2023,Newfoundland and Labrador,2021A000210,Employment,"Professional, scientific and technical services [54]",Total - Gender,15 years and over,Persons in thousands,428,thousands,3,v2363910,2.2.21.1.1,11.6,Unknown,1
2024,Newfoundland and Labrador,2021A000210,Employment,"Professional, scientific and technical services [54]",Total - Gender,15 years and over,Persons in thousands,428,thousands,3,v2363910,2.2.21.1.1,12.4,Unknown,1
2020,Newfoundland and Labrador,2021A000210,Employment,"Business, building and other support services [55, 56]",Total - Gender,15 years and over,Persons in thousands,428,thousands,3,v2363911,2.2.22.1.1,6.6,Unknown,1
2021,Newfoundland and Labrador,2021A000210,Employment,"Business, building and other support services [55, 56]",Total - Gender,15 years and over,Persons in thousands,428,thousands,3,v2363911,2.2.22.1.1,6.7,Unknown,1
2022,Newfoundland and Labrador,2021A000210,Employment,"Business, building and other support services [55, 56]",Total - Gender,15 years and over,Persons in thousands,428,thousands,3,v2363911,2.2.22.1.1,6.0,Unknown,1
2023,Newfoundland and Labrador,2021A000210,Employment,"Business, building and other support services [55, 56]",Total - Gender,15 years and over,Persons in thousands,428,thousands,3,v2363911,2.2.22.1.1,5.7,Unknown,1
2024,Newfoundland and Labrador,2021A000210,Employment,"Business, building and other support services [55, 56]",Total - Gender,15 years and over,Persons in thousands,428,thousands,3,v2363911,2.2.22.1.1,6.1,Unknown,1
2020,Newfoundland and Labrador,2021A000210,Employment,Educational services [61],Total - Gender,15 years and over,Persons in thousands,428,thousands,3,v2363912,2.2.23.1.1,16.9,Unknown,1
2021,Newfoundland and Labrador,2021A000210,Employment,Educational services [61],Total - Gender,15 years and over,Persons in thousands,428,thousands,3,v2363912,2.2.23.1.1,16.6,Unknown,1
2022,Newfoundland and Labrador,2021A000210,Employment,Educational services [61],Total - Gender,15 years and over,Persons in thousands,428,thousands,3,v2363912,2.2.23.1.1,17.1,Unknown,1
2023,Newfoundland and Labrador,2021A000210,Employment,Educational services [61],Total - Gender,15 years and over,Persons in thousands,428,thousands,3,v2363912,2.2.23.1.1,17.7,Unknown,1
2024,Newfoundland and Labrador,2021A000210,Employment,Educational services [61],Total - Gender,15 years and over,Persons in thousands,428,thousands,3,v2363912,2.2.23.1.1,21.0,Unknown,1
2020,Newfoundland and Labrador,2021A000210,Employment,Health care and social assistance [62],Total - Gender,15 years and over,Persons in thousands,428,thousands,3,v2363913,2.2.24.1.1,40.9,Unknown,1
2021,Newfoundland and Labrador,2021A000210,Employment,Health care and social assistance [62],Total - Gender,15 years and over,Persons in thousands,428,thousands,3,v2363913,2.2.24.1.1,43.6,Unknown,1
2022,Newfoundland and Labrador,2021A000210,Employment,Health care and social assistance [62],Total - Gender,15 years and over,Persons in thousands,428,thousands,3,v2363913,2.2.24.1.1,44.6,Unknown,1
2023,Newfoundland and Labrador,2021A000210,Employment,Health care and social assistance [62],Total - Gender,15 years and over,Persons in thousands,428,thousands,3,v2363913,2.2.24.1.1,45.8,Unknown,1
2024,Newfoundland and Labrador,2021A000210,Employment,Health care and social assistance [62],Total - Gender,15 years and over,Persons in thousands,428,thousands,3,v2363913,2.2.24.1.1,47.6,Unknown,1
2020,Newfoundland and Labrador,2021A000210,Employment,"Information, culture and recreation [51, 71]",Total - Gender,15 years and over,Persons in thousands,428,thousands,3,v2363914,2.2.25.1.1,5.7,Unknown,1
2021,Newfoundland and Labrador,2021A000210,Employment,"Information, culture and recreation [51, 71]",Total - Gender,15 years and over,Persons in thousands,428,thousands,3,v2363914,2.2.25.1.1,6.1,Unknown,1
2022,Newfoundland and Labrador,2021A000210,Employment,"Information, culture and recreation [51, 71]",Total - Gender,15 years and over,Persons in thousands,428,thousands,3,v2363914,2.2.25.1.1,6.9,Unknown,1
2023,Newfoundland and Labrador,2021A000210,Employment,"Information, culture and recreation [51, 71]",Total - Gender,15 years and over,Persons in thousands,428,thousands,3,v2363914,2.2.25.1.1,7.8,Unknown,1
2024,Newfoundland and Labrador,2021A000210,Employment,"Information, culture and recreation [51, 71]",Total - Gender,15 years and over,Persons in thousands,428,thousands,3,v2363914,2.2.25.1.1,6.4,Unknown,1
2020,Newfoundland and Labrador,2021A000210,Employment,Accommodation and food services [72],Total - Gender,15 years and over,Persons in thousands,428,thousands,3,v2363915,2.2.26.1.1,14.4,Unknown,1
2021,Newfoundland and Labrador,2021A000210,Employment,Accommodation and food services [72],Total - Gender,15 years and over,Persons in thousands,428,thousands,3,v2363915,2.2.26.1.1,11.9,Unknown,1
2022,Newfoundland and Labrador,2021A000210,Employment,Accommodation and food services [72],Total - Gender,15 years and over,Persons in thousands,428,thousands,3,v2363915,2.2.26.1.1,14.2,Unknown,1
2023,Newfoundland and Labrador,2021A000210,Employment,Accommodation and food services [72],Total - Gender,15 years and over,Persons in thousands,428,thousands,3,v2363915,2.2.26.1.1,14.2,Unknown,1
2024,Newfoundland and Labrador,2021A000210,Employment,Accommodation and food services [72],Total - Gender,15 years and over,Persons in thousands,428,thousands,3,v2363915,2.2.26.1.1,13.8,Unknown,1
2020,Newfoundland and Labrador,2021A000210,Employment,Other services (except public administration) [81],Total - Gender,15 years and over,Persons in thousands,428,thousands,3,v2363916,2.2.27.1.1,10.6,Unknown,1
2021,Newfoundland and Labrador,2021A000210,Employment,Other services (except public administration) [81],Total - Gender,15 years and over,Persons in thousands,428,thousands,3,v2363916,2.2.27.1.1,8.8,Unknown,1
2022,Newfoundland and Labrador,2021A000210,Employment,Other services (except public administration) [81],Total - Gender,15 years and over,Persons in thousands,428,thousands,3,v2363916,2.2.27.1.1,8.3,Unknown,1
2023,Newfoundland and Labrador,2021A000210,Employment,Other services (except public administration) [81],Total - Gender,15 years and over,Persons in thousands,428,thousands,3,v2363916,2.2.27.1.1,8.3,Unknown,1
2024,Newfoundland and Labrador,2021A000210,Employment,Other services (except public administration) [81],Total - Gender,15 years and over,Persons in thousands,428,thousands,3,v2363916,2.2.27.1.1,8.3,Unknown,1
2020,Newfoundland and Labrador,2021A000210,Employment,Public administration [91],Total - Gender,15 years and over,Persons in thousands,428,thousands,3,v2363917,2.2.28.1.1,16.8,Unknown,1
2021,Newfoundland and Labrador,2021A000210,Employment,Public administration [91],Total - Gender,15 years and over,Persons in thousands,428,thousands,3,v2363917,2.2.28.1.1,20.3,Unknown,1
2022,Newfoundland and Labrador,2021A000210,Employment,Public administration [91],Total - Gender,15 years and over,Persons in thousands,428,thousands,3,v2363917,2.2.28.1.1,21.0,Unknown,1
2023,Newfoundland and Labrador,2021A000210,Employment,Public administration [91],Total - Gender,15 years and over,Persons in thousands,428,thousands,3,v2363917,2.2.28.1.1,20.7,Unknown,1
2024,Newfoundland and Labrador,2021A000210,Employment,Public administration [91],Total - Gender,15 years and over,Persons in thousands,428,thousands,3,v2363917,2.2.28.1.1,20.7,Unknown,1
2021,British Columbia,2021A000259,Employment,"Total, all industries",Total - Gender,15 years and over,Persons in thousands,428,thousands,3,v2368482,11.2.1.1.1,2683.9,Unknown,1
2022,British Columbia,2021A000259,Employment,"Total, all industries",Total - Gender,15 years and over,Persons in thousands,428,thousands,3,v2368482,11.2.1.1.1,2775.7,Unknown,1
2023,British Columbia,2021A000259,Employment,"Total, all industries",Total - Gender,15 years and over,Persons in thousands,428,thousands,3,v2368482,11.2.1.1.1,2847.9,Unknown,1
2024,British Columbia,2021A000259,Employment,"Total, all industries",Total - Gender,15 years and over,Persons in thousands,428,thousands,3,v2368482,11.2.1.1.1,2914.0,Unknown,1
2020,British Columbia,2021A000259,Employment,Goods-producing sector,Total - Gender,15 years and over,Persons in thousands,428,thousands,3,v2368483,11.2.2.1.1,488.7,Unknown,1
2021,British Columbia,2021A000259,Employment,Goods-producing sector,Total - Gender,15 years and over,Persons in thousands,428,thousands,3,v2368483,11.2.2.1.1,502.5,Unknown,1
2022,British Columbia,2021A000259,Employment,Goods-producing sector,Total - Gender,15 years and over,Persons in thousands,428,thousands,3,v2368483,11.2.2.1.1,511.9,Unknown,1
2023,British Columbia,2021A000259,Employment,Goods-producing sector,Total - Gender,15 years and over,Persons in thousands,428,thousands,3,v2368483,11.2.2.1.1,506.8,Unknown,1
2024,British Columbia,2021A000259,Employment,Goods-producing sector,Total - Gender,15 years and over,Persons in thousands,428,thousands,3,v2368483,11.2.2.1.1,513.4,Unknown,1
2020,British Columbia,2021A000259,Employment,"Agriculture [111-112, 1100, 1151-1152]",Total - Gender,15 years and over,Persons in thousands,428,thousands,3,v2368484,11.2.3.1.1,28.5,Unknown,1
2021,British Columbia,2021A000259,Employment,"Agriculture [111-112, 1100, 1151-1152]",Total - Gender,15 years and over,Persons in thousands,428,thousands,3,v2368484,11.2.3.1.1,21.1,Unknown,1
2022,British Columbia,2021A000259,Employment,"Agriculture [111-112, 1100, 1151-1152]",Total - Gender,15 years and over,Persons in thousands,428,thousands,3,v2368484,11.2.3.1.1,23.4,Unknown,1
2023,British Columbia,2021A000259,Employment,"Agriculture [111-112, 1100, 1151-1152]",Total - Gender,15 years and over,Persons in thousands,428,thousands,3,v2368484,11.2.3.1.1,24.3,Unknown,1
2024,British Columbia,2021A000259,Employment,"Agriculture [111-112, 1100, 1151-1152]",Total - Gender,15 years and over,Persons in thousands,428,thousands,3,v2368484,11.2.3.1.1,17.0,Unknown,1
2020,British Columbia,2021A000259,Employment,"Forestry, fishing, mining, quarrying, oil and gas [21, 113-114, 1153, 2100]",Total - Gender,15 years and over,Persons in thousands,428,thousands,3,v2368485,11.2.4.1.1,42.3,Unknown,1
2021,British Columbia,2021A000259,Employment,"Forestry, fishing, mining, quarrying, oil and gas [21, 113-114, 1153, 2100]",Total - Gender,15 years and over,Persons in thousands,428,thousands,3,v2368485,11.2.4.1.1,48.4,Unknown,1
2022,British Columbia,2021A000259,Employment,"Forestry, fishing, mining, quarrying, oil and gas [21, 113-114, 1153, 2100]",Total - Gender,15 years and over,Persons in thousands,428,thousands,3,v2368485,11.2.4.1.1,47.1,Unknown,1
2023,British Columbia,2021A000259,Employment,"Forestry, fishing, mining, quarrying, oil and gas [21, 113-114, 1153, 2100]",Total - Gender,15 years and over,Persons in thousands,428,thousands,3,v2368485,11.2.4.1.1,50.7,Unknown,1
2024,British Columbia,2021A000259,Employment,"Forestry, fishing, mining, quarrying, oil and gas [21, 113-114, 1153, 2100]",Total - Gender,15 years and over,Persons in thousands,428,thousands,3,v2368485,11.2.4.1.1,53.1,Unknown,1
2020,British Columbia,2021A000259,Employment,"Forestry and logging and support activities for forestry [113, 1153]",Total - Gender,15 years and over,Persons in thousands,428,thousands,3,v2368486,11.2.5.1.1,15.6,Unknown,1
2021,British Columbia,2021A000259,Employment,"Forestry and logging and support activities for forestry [113, 1153]",Total - Gender,15 years and over,Persons in thousands,428,thousands,3,v2368486,11.2.5.1.1,18.2,Unknown,1
2022,British Columbia,2021A000259,Employment,"Forestry and logging and support activities for forestry [113, 1153]",Total - Gender,15 years and over,Persons in thousands,428,thousands,3,v2368486,11.2.5.1.1,17.2,Unknown,1
2023,British Columbia,2021A000259,Employment,"Forestry and logging and support activities for forestry [113, 1153]",Total - Gender,15 years and over,Persons in thousands,428,thousands,3,v2368486,11.2.5.1.1,13.9,Unknown,1
2024,British Columbia,2021A000259,Employment,"Forestry and logging and support activities for forestry [113, 1153]",Total - Gender,15 years and over,Persons in thousands,428,thousands,3,v2368486,11.2.5.1.1,14.8,Unknown,1
2020,British Columbia,2021A000259,Employment,"Fishing, hunting and trapping [114]",Total - Gender,15 years and over,Persons in thousands,428,thousands,3,v2368487,11.2.6.1.1,2.7,Unknown,1
2021,British Columbia,2021A000259,Employment,"Fishing, hunting and trapping [114]",Total - Gender,15 years and over,Persons in thousands,428,thousands,3,v2368487,11.2.6.1.1,1.9,Unknown,1
2022,British Columbia,2021A000259,Employment,"Fishing, hunting and trapping [114]",Total - Gender,15 years and over,Persons in thousands,428,thousands,3,v2368487,11.2.6.1.1,1.8,Unknown,1
2023,British Columbia,2021A000259,Employment,"Fishing, hunting and trapping [114]",Total - Gender,15 years and over,Persons in thousands,428,thousands,3,v2368487,11.2.6.1.1,1.5,Unknown,1
2024,British Columbia,2021A000259,Employment,"Fishing, hunting and trapping [114]",Total - Gender,15 years and over,Persons in thousands,428,thousands,3,v2368487,11.2.6.1.1,1.5,Unknown,1
2020,British Columbia,2021A000259,Employment,"Mining, quarrying, and oil and gas extraction [21, 2100]",Total - Gender,15 years and over,Persons in thousands,428,thousands,3,v2368488,11.2.7.1.1,23.9,Unknown,1
2021,British Columbia,2021A000259,Employment,"Mining, quarrying, and oil and gas extraction [21, 2100]",Total - Gender,15 years and over,Persons in thousands,428,thousands,3,v2368488,11.2.7.1.1,28.3,Unknown,1
2022,British Columbia,2021A000259,Employment,"Mining, quarrying, and oil and gas extraction [21, 2100]",Total - Gender,15 years and over,Persons in thousands,428,thousands,3,v2368488,11.2.7.1.1,28.1,Unknown,1
2023,British Columbia,2021A000259,Employment,"Mining, quarrying, and oil and gas extraction [21, 2100]",Total - Gender,15 years and over,Persons in thousands,428,thousands,3,v2368488,11.2.7.1.1,35.3,Unknown,1
2024,British Columbia,2021A000259,Employment,"Mining, quarrying, and oil and gas extraction [21, 2100]",Total - Gender,15 years and over,Persons in thousands,428,thousands,3,v2368488,11.2.7.1.1,36.8,Unknown,1
2020,British Columbia,2021A000259,Employment,Utilities [22],Total - Gender,15 years and over,Persons in thousands,428,thousands,3,v2368489,11.2.8.1.1,18.2,Unknown,1
2021,British Columbia,2021A000259,Employment,Utilities [22],Total - Gender,15 years and over,Persons in thousands,428,thousands,3,v2368489,11.2.8.1.1,17.7,Unknown,1
2022,British Columbia,2021A000259,Employment,Utilities [22],Total - Gender,15 years and over,Persons in thousands,428,thousands,3,v2368489,11.2.8.1.1,16.2,Unknown,1
2023,British Columbia,2021A000259,Employment,Utilities [22],Total - Gender,15 years and over,Persons in thousands,428,thousands,3,v2368489,11.2.8.1.1,18.2,Unknown,1
2024,British Columbia,2021A000259,Employment,Utilities [22],Total - Gender,15 years and over,Persons in thousands,428,thousands,3,v2368489,11.2.8.1.1,17.9,Unknown,1
2020,British Columbia,2021A000259,Employment,Construction [23],Total - Gender,15 years and over,Persons in thousands,428,thousands,3,v2368490,11.2.9.1.1,230.3,Unknown,1
2021,British Columbia,2021A000259,Employment,Construction [23],Total - Gender,15 years and over,Persons in thousands,428,thousands,3,v2368490,11.2.9.1.1,229.6,Unknown,1
2022,British Columbia,2021A000259,Employment,Construction [23],Total - Gender,15 years and over,Persons in thousands,428,thousands,3,v2368490,11.2.9.1.1,237.5,Unknown,1
2023,British Columbia,2021A000259,Employment,Construction [23],Total - Gender,15 years and over,Persons in thousands,428,thousands,3,v2368490,11.2.9.1.1,237.5,Unknown,1
2024,British Columbia,2021A000259,Employment,Construction [23],Total - Gender,15 years and over,Persons in thousands,428,thousands,3,v2368490,11.2.9.1.1,246.8,Unknown,1
2020,British Columbia,2021A000259,Employment,Manufacturing [31-33],Total - Gender,15 years and over,Persons in thousands,428,thousands,3,v2368491,11.2.10.1.1,169.4,Unknown,1
2021,British Columbia,2021A000259,Employment,Manufacturing [31-33],Total - Gender,15 years and over,Persons in thousands,428,thousands,3,v2368491,11.2.10.1.1,185.7,Unknown,1
2022,British Columbia,2021A000259,Employment,Manufacturing [31-33],Total - Gender,15 years and over,Persons in thousands,428,thousands,3,v2368491,11.2.10.1.1,187.6,Unknown,1
2023,British Columbia,2021A000259,Employment,Manufacturing [31-33],Total - Gender,15 years and over,Persons in thousands,428,thousands,3,v2368491,11.2.10.1.1,176.2,Unknown,1
2024,British Columbia,2021A000259,Employment,Manufacturing [31-33],Total - Gender,15 years and over,Persons in thousands,428,thousands,3,v2368491,11.2.10.1.1,178.6,Unknown,1
2020,British Columbia,2021A000259,Employment,"Durables [321, 327, 331-339]",Total - Gender,15 years and over,Persons in thousands,428,thousands,3,v2368492,11.2.11.1.1,99.7,Unknown,1
2021,British Columbia,2021A000259,Employment,"Durables [321, 327, 331-339]",Total - Gender,15 years and over,Persons in thousands,428,thousands,3,v2368492,11.2.11.1.1,105.7,Unknown,1
2022,British Columbia,2021A000259,Employment,"Durables [321, 327, 331-339]",Total - Gender,15 years and over,Persons in thousands,428,thousands,3,v2368492,11.2.11.1.1,109.8,Unknown,1
2023,British Columbia,2021A000259,Employment,"Durables [321, 327, 331-339]",Total - Gender,15 years and over,Persons in thousands,428,thousands,3,v2368492,11.2.11.1.1,102.9,Unknown,1
2024,British Columbia,2021A000259,Employment,"Durables [321, 327, 331-339]",Total - Gender,15 years and over,Persons in thousands,428,thousands,3,v2368492,11.2.11.1.1,116.1,Unknown,1
2020,British Columbia,2021A000259,Employment,"Non-durables [311-316, 322-326]",Total - Gender,15 years and over,Persons in thousands,428,thousands,3,v2368493,11.2.12.1.1,69.7,Unknown,1
2021,British Columbia,2021A000259,Employment,"Non-durables [311-316, 322-326]",Total - Gender,15 years and over,Persons in thousands,428,thousands,3,v2368493,11.2.12.1.1,80.0,Unknown,1
2022,British Columbia,2021A000259,Employment,"Non-durables [311-316, 322-326]",Total - Gender,15 years and over,Persons in thousands,428,thousands,3,v2368493,11.2.12.1.1,77.8,Unknown,1
2023,British Columbia,2021A000259,Employment,"Non-durables [311-316, 322-326]",Total - Gender,15 years and over,Persons in thousands,428,thousands,3,v2368493,11.2.12.1.1,73.3,Unknown,1
2024,British Columbia,2021A000259,Employment,"Non-durables [311-316, 322-326]",Total - Gender,15 years and over,Persons in thousands,428,thousands,3,v2368493,11.2.12.1.1,62.5,Unknown,1
2020,British Columbia,2021A000259,Employment,Services-producing sector,Total - Gender,15 years and over,Persons in thousands,428,thousands,3,v2368509,11.2.13.1.1,2038.5,Unknown,1
2021,British Columbia,2021A000259,Employment,Services-producing sector,Total - Gender,15 years and over,Persons in thousands,428,thousands,3,v2368509,11.2.13.1.1,2181.4,Unknown,1
2022,British Columbia,2021A000259,Employment,Services-producing sector,Total - Gender,15 years and over,Persons in thousands,428,thousands,3,v2368509,11.2.13.1.1,2263.8,Unknown,1
2023,British Columbia,2021A000259,Employment,Services-producing sector,Total - Gender,15 years and over,Persons in thousands,428,thousands,3,v2368509,11.2.13.1.1,2341.1,Unknown,1
2024,British Columbia,2021A000259,Employment,Services-producing sector,Total - Gender,15 years and over,Persons in thousands,428,thousands,3,v2368509,11.2.13.1.1,2400.6,Unknown,1
2020,British Columbia,2021A000259,Employment,"Wholesale and retail trade [41, 44-45]",Total - Gender,15 years and over,Persons in thousands,428,thousands,3,v2368508,11.2.14.1.1,390.7,Unknown,1
2021,British Columbia,2021A000259,Employment,"Wholesale and retail trade [41, 44-45]",Total - Gender,15 years and over,Persons in thousands,428,thousands,3,v2368508,11.2.14.1.1,403.0,Unknown,1
2022,British Columbia,2021A000259,Employment,"Wholesale and retail trade [41, 44-45]",Total - Gender,15 years and over,Persons in thousands,428,thousands,3,v2368508,11.2.14.1.1,436.8,Unknown,1
2023,British Columbia,2021A000259,Employment,"Wholesale and retail trade [41, 44-45]",Total - Gender,15 years and over,Persons in thousands,428,thousands,3,v2368508,11.2.14.1.1,441.4,Unknown,1
2024,British Columbia,2021A000259,Employment,"Wholesale and retail trade [41, 44-45]",Total - Gender,15 years and over,Persons in thousands,428,thousands,3,v2368508,11.2.14.1.1,428.5,Unknown,1
2020,British Columbia,2021A000259,Employment,Wholesale trade [41],Total - Gender,15 years and over,Persons in thousands,428,thousands,3,v2368494,11.2.15.1.1,92.5,Unknown,1
2021,British Columbia,2021A000259,Employment,Wholesale trade [41],Total - Gender,15 years and over,Persons in thousands,428,thousands,3,v2368494,11.2.15.1.1,89.4,Unknown,1
2022,British Columbia,2021A000259,Employment,Wholesale trade [41],Total - Gender,15 years and over,Persons in thousands,428,thousands,3,v2368494,11.2.15.1.1,95.0,Unknown,1
2023,British Columbia,2021A000259,Employment,Wholesale trade [41],Total - Gender,15 years and over,Persons in thousands,428,thousands,3,v2368494,11.2.15.1.1,94.4,Unknown,1
2024,British Columbia,2021A000259,Employment,Wholesale trade [41],Total - Gender,15 years and over,Persons in thousands,428,thousands,3,v2368494,11.2.15.1.1,103.0,Unknown,1
2020,British Columbia,2021A000259,Employment,Retail trade [44-45],Total - Gender,15 years and over,Persons in thousands,428,thousands,3,v2368495,11.2.16.1.1,298.2,Unknown,1
2021,British Columbia,2021A000259,Employment,Retail trade [44-45],Total - Gender,15 years and over,Persons in thousands,428,thousands,3,v2368495,11.2.16.1.1,313.7,Unknown,1
2022,British Columbia,2021A000259,Employment,Retail trade [44-45],Total - Gender,15 years and over,Persons in thousands,428,thousands,3,v2368495,11.2.16.1.1,341.9,Unknown,1
2023,British Columbia,2021A000259,Employment,Retail trade [44-45],Total - Gender,15 years and over,Persons in thousands,428,thousands,3,v2368495,11.2.16.1.1,347.0,Unknown,1
2024,British Columbia,2021A000259,Employment,Retail trade [44-45],Total - Gender,15 years and over,Persons in thousands,428,thousands,3,v2368495,11.2.16.1.1,325.5,Unknown,1
2020,British Columbia,2021A000259,Employment,Transportation and warehousing [48-49],Total - Gender,15 years and over,Persons in thousands,428,thousands,3,v2368496,11.2.17.1.1,134.9,Unknown,1
2021,British Columbia,2021A000259,Employment,Transportation and warehousing [48-49],Total - Gender,15 years and over,Persons in thousands,428,thousands,3,v2368496,11.2.17.1.1,145.7,Unknown,1
2022,British Columbia,2021A000259,Employment,Transportation and warehousing [48-49],Total - Gender,15 years and over,Persons in thousands,428,thousands,3,v2368496,11.2.17.1.1,144.3,Unknown,1
2023,British Columbia,2021A000259,Employment,Transportation and warehousing [48-49],Total - Gender,15 years and over,Persons in thousands,428,thousands,3,v2368496,11.2.17.1.1,146.8,Unknown,1
2024,British Columbia,2021A000259,Employment,Transportation and warehousing [48-49],Total - Gender,15 years and over,Persons in thousands,428,thousands,3,v2368496,11.2.17.1.1,156.2,Unknown,1
2020,British Columbia,2021A000259,Employment,"Finance, insurance, real estate, rental and leasing [52, 53]",Total - Gender,15 years and over,Persons in thousands,428,thousands,3,v2368497,11.2.18.1.1,171.6,Unknown,1
2021,British Columbia,2021A000259,Employment,"Finance, insurance, real estate, rental and leasing [52, 53]",Total - Gender,15 years and over,Persons in thousands,428,thousands,3,v2368497,11.2.18.1.1,171.0,Unknown,1
2022,British Columbia,2021A000259,Employment,"Finance, insurance, real estate, rental and leasing [52, 53]",Total - Gender,15 years and over,Persons in thousands,428,thousands,3,v2368497,11.2.18.1.1,164.2,Unknown,1
2023,British Columbia,2021A000259,Employment,"Finance, insurance, real estate, rental and leasing [52, 53]",Total - Gender,15 years and over,Persons in thousands,428,thousands,3,v2368497,11.2.18.1.1,175.9,Unknown,1
2024,British Columbia,2021A000259,Employment,"Finance, insurance, real estate, rental and leasing [52, 53]",Total - Gender,15 years and over,Persons in thousands,428,thousands,3,v2368497,11.2.18.1.1,184.0,Unknown,1
2020,British Columbia,2021A000259,Employment,Finance and insurance [52],Total - Gender,15 years and over,Persons in thousands,428,thousands,3,v2368498,11.2.19.1.1,112.9,Unknown,1
2021,British Columbia,2021A000259,Employment,Finance and insurance [52],Total - Gender,15 years and over,Persons in thousands,428,thousands,3,v2368498,11.2.19.1.1,115.5,Unknown,1
2022,British Columbia,2021A000259,Employment,Finance and insurance [52],Total - Gender,15 years and over,Persons in thousands,428,thousands,3,v2368498,11.2.19.1.1,106.3,Unknown,1
2023,British Columbia,2021A000259,Employment,Finance and insurance [52],Total - Gender,15 years and over,Persons in thousands,428,thousands,3,v2368498,11.2.19.1.1,114.9,Unknown,1
2024,British Columbia,2021A000259,Employment,Finance and insurance [52],Total - Gender,15 years and over,Persons in thousands,428,thousands,3,v2368498,11.2.19.1.1,115.0,Unknown,1
2020,British Columbia,2021A000259,Employment,Real estate and rental and leasing [53],Total - Gender,15 years and over,Persons in thousands,428,thousands,3,v2368499,11.2.20.1.1,58.7,Unknown,1
2021,British Columbia,2021A000259,Employment,Real estate and rental and leasing [53],Total - Gender,15 years and over,Persons in thousands,428,thousands,3,v2368499,11.2.20.1.1,55.4,Unknown,1
2022,British Columbia,2021A000259,Employment,Real estate and rental and leasing [53],Total - Gender,15 years and over,Persons in thousands,428,thousands,3,v2368499,11.2.20.1.1,57.9,Unknown,1
2023,British Columbia,2021A000259,Employment,Real estate and rental and leasing [53],Total - Gender,15 years and over,Persons in thousands,428,thousands,3,v2368499,11.2.20.1.1,61.0,Unknown,1
2024,British Columbia,2021A000259,Employment,Real estate and rental and leasing [53],Total - Gender,15 years and over,Persons in thousands,428,thousands,3,v2368499,11.2.20.1.1,69.0,Unknown,1
2020,British Columbia,2021A000259,Employment,"Professional, scientific and technical services [54]",Total - Gender,15 years and over,Persons in thousands,428,thousands,3,v2368500,11.2.21.1.1,243.7,Unknown,1
2021,British Columbia,2021A000259,Employment,"Professional, scientific and technical services [54]",Total - Gender,15 years and over,Persons in thousands,428,thousands,3,v2368500,11.2.21.1.1,266.7,Unknown,1
2022,British Columbia,2021A000259,Employment,"Professional, scientific and technical services [54]",Total - Gender,15 years and over,Persons in thousands,428,thousands,3,v2368500,11.2.21.1.1,284.2,Unknown,1
2023,British Columbia,2021A000259,Employment,"Professional, scientific and technical services [54]",Total - Gender,15 years and over,Persons in thousands,428,thousands,3,v2368500,11.2.21.1.1,289.1,Unknown,1
2024,British Columbia,2021A000259,Employment,"Professional, scientific and technical services [54]",Total - Gender,15 years and over,Persons in thousands,428,thousands,3,v2368500,11.2.21.1.1,300.1,Unknown,1
2020,British Columbia,2021A000259,Employment,"Business, building and other support services [55, 56]",Total - Gender,15 years and over,Persons in thousands,428,thousands,3,v2368501,11.2.22.1.1,97.5,Unknown,1
2021,British Columbia,2021A000259,Employment,"Business, building and other support services [55, 56]",Total - Gender,15 years and over,Persons in thousands,428,thousands,3,v2368501,11.2.22.1.1,99.9,Unknown,1
2022,British Columbia,2021A000259,Employment,"Business, building and other support services [55, 56]",Total - Gender,15 years and over,Persons in thousands,428,thousands,3,v2368501,11.2.22.1.1,88.4,Unknown,1
2023,British Columbia,2021A000259,Employment,"Business, building and other support services [55, 56]",Total - Gender,15 years and over,Persons in thousands,428,thousands,3,v2368501,11.2.22.1.1,91.4,Unknown,1
2024,British Columbia,2021A000259,Employment,"Business, building and other support services [55, 56]",Total - Gender,15 years and over,Persons in thousands,428,thousands,3,v2368501,11.2.22.1.1,94.7,Unknown,1
2020,British Columbia,2021A000259,Employment,Educational services [61],Total - Gender,15 years and over,Persons in thousands,428,thousands,3,v2368502,11.2.23.1.1,172.9,Unknown,1
2021,British Columbia,2021A000259,Employment,Educational services [61],Total - Gender,15 years and over,Persons in thousands,428,thousands,3,v2368502,11.2.23.1.1,186.4,Unknown,1
2022,British Columbia,2021A000259,Employment,Educational services [61],Total - Gender,15 years and over,Persons in thousands,428,thousands,3,v2368502,11.2.23.1.1,199.1,Unknown,1
2023,British Columbia,2021A000259,Employment,Educational services [61],Total - Gender,15 years and over,Persons in thousands,428,thousands,3,v2368502,11.2.23.1.1,220.3,Unknown,1
2024,British Columbia,2021A000259,Employment,Educational services [61],Total - Gender,15 years and over,Persons in thousands,428,thousands,3,v2368502,11.2.23.1.1,220.0,Unknown,1
2020,British Columbia,2021A000259,Employment,Health care and social assistance [62],Total - Gender,15 years and over,Persons in thousands,428,thousands,3,v2368503,11.2.24.1.1,323.6,Unknown,1
2021,British Columbia,2021A000259,Employment,Health care and social assistance [62],Total - Gender,15 years and over,Persons in thousands,428,thousands,3,v2368503,11.2.24.1.1,353.2,Unknown,1
2022,British Columbia,2021A000259,Employment,Health care and social assistance [62],Total - Gender,15 years and over,Persons in thousands,428,thousands,3,v2368503,11.2.24.1.1,372.4,Unknown,1
2023,British Columbia,2021A000259,Employment,Health care and social assistance [62],Total - Gender,15 years and over,Persons in thousands,428,thousands,3,v2368503,11.2.24.1.1,383.0,Unknown,1
2024,British Columbia,2021A000259,Employment,Health care and social assistance [62],Total - Gender,15 years and over,Persons in thousands,428,thousands,3,v2368503,11.2.24.1.1,410.0,Unknown,1
2020,British Columbia,2021A000259,Employment,"Information, culture and recreation [51, 71]",Total - Gender,15 years and over,Persons in thousands,428,thousands,3,v2368504,11.2.25.1.1,107.0,Unknown,1
2021,British Columbia,2021A000259,Employment,"Information, culture and recreation [51, 71]",Total - Gender,15 years and over,Persons in thousands,428,thousands,3,v2368504,11.2.25.1.1,129.0,Unknown,1
2022,British Columbia,2021A000259,Employment,"Information, culture and recreation [51, 71]",Total - Gender,15 years and over,Persons in thousands,428,thousands,3,v2368504,11.2.25.1.1,149.1,Unknown,1
2023,British Columbia,2021A000259,Employment,"Information, culture and recreation [51, 71]",Total - Gender,15 years and over,Persons in thousands,428,thousands,3,v2368504,11.2.25.1.1,140.6,Unknown,1
2024,British Columbia,2021A000259,Employment,"Information, culture and recreation [51, 71]",Total - Gender,15 years and over,Persons in thousands,428,thousands,3,v2368504,11.2.25.1.1,147.6,Unknown,1
2020,British Columbia,2021A000259,Employment,Accommodation and food services [72],Total - Gender,15 years and over,Persons in thousands,428,thousands,3,v2368505,11.2.26.1.1,175.9,Unknown,1
2021,British Columbia,2021A000259,Employment,Accommodation and food services [72],Total - Gender,15 years and over,Persons in thousands,428,thousands,3,v2368505,11.2.26.1.1,179.3,Unknown,1
2022,British Columbia,2021A000259,Employment,Accommodation and food services [72],Total - Gender,15 years and over,Persons in thousands,428,thousands,3,v2368505,11.2.26.1.1,184.0,Unknown,1
2023,British Columbia,2021A000259,Employment,Accommodation and food services [72],Total - Gender,15 years and over,Persons in thousands,428,thousands,3,v2368505,11.2.26.1.1,197.4,Unknown,1
2024,British Columbia,2021A000259,Employment,Accommodation and food services [72],Total - Gender,15 years and over,Persons in thousands,428,thousands,3,v2368505,11.2.26.1.1,186.6,Unknown,1
2020,British Columbia,2021A000259,Employment,Other services (except public administration) [81],Total - Gender,15 years and over,Persons in thousands,428,thousands,3,v2368506,11.2.27.1.1,99.2,Unknown,1
2021,British Columbia,2021A000259,Employment,Other services (except public administration) [81],Total - Gender,15 years and over,Persons in thousands,428,thousands,3,v2368506,11.2.27.1.1,109.2,Unknown,1
2022,British Columbia,2021A000259,Employment,Other services (except public administration) [81],Total - Gender,15 years and over,Persons in thousands,428,thousands,3,v2368506,11.2.27.1.1,102.0,Unknown,1
2023,British Columbia,2021A000259,Employment,Other services (except public administration) [81],Total - Gender,15 years and over,Persons in thousands,428,thousands,3,v2368506,11.2.27.1.1,111.8,Unknown,1
2024,British Columbia,2021A000259,Employment,Other services (except public administration) [81],Total - Gender,15 years and over,Persons in thousands,428,thousands,3,v2368506,11.2.27.1.1,119.2,Unknown,1
2020,British Columbia,2021A000259,Employment,Public administration [91],Total - Gender,15 years and over,Persons in thousands,428,thousands,3,v2368507,11.2.28.1.1,121.6,Unknown,1
2021,British Columbia,2021A000259,Employment,Public administration [91],Total - Gender,15 years and over,Persons in thousands,428,thousands,3,v2368507,11.2.28.1.1,138.0,Unknown,1
2022,British Columbia,2021A000259,Employment,Public administration [91],Total - Gender,15 years and over,Persons in thousands,428,thousands,3,v2368507,11.2.28.1.1,139.2,Unknown,1
2023,British Columbia,2021A000259,Employment,Public administration [91],Total - Gender,15 years and over,Persons in thousands,428,thousands,3,v2368507,11.2.28.1.1,143.5,Unknown,1
2024,British Columbia,2021A000259,Employment,Public administration [91],Total - Gender,15 years and over,Persons in thousands,428,thousands,3,v2368507,11.2.28.1.1,153.8,Unknown,1
2021,Prince Edward Island,2021A000211,Employment,"Total, all industries",Total - Gender,15 years and over,Persons in thousands,428,thousands,3,v2364402,3.2.1.1.1,80.0,Unknown,1
2022,Prince Edward Island,2021A000211,Employment,"Total, all industries",Total - Gender,15 years and over,Persons in thousands,428,thousands,3,v2364402,3.2.1.1.1,84.1,Unknown,1
2023,Prince Edward Island,2021A000211,Employment,"Total, all industries",Total - Gender,15 years and over,Persons in thousands,428,thousands,3,v2364402,3.2.1.1.1,89.3,Unknown,1
2024,Prince Edward Island,2021A000211,Employment,"Total, all industries",Total - Gender,15 years and over,Persons in thousands,428,thousands,3,v2364402,3.2.1.1.1,92.5,Unknown,1
2020,Prince Edward Island,2021A000211,Employment,Goods-producing sector,Total - Gender,15 years and over,Persons in thousands,428,thousands,3,v2364403,3.2.2.1.1,19.3,Unknown,1
2021,Prince Edward Island,2021A000211,Employment,Goods-producing sector,Total - Gender,15 years and over,Persons in thousands,428,thousands,3,v2364403,3.2.2.1.1,19.8,Unknown,1
2022,Prince Edward Island,2021A000211,Employment,Goods-producing sector,Total - Gender,15 years and over,Persons in thousands,428,thousands,3,v2364403,3.2.2.1.1,21.9,Unknown,1
2023,Prince Edward Island,2021A000211,Employment,Goods-producing sector,Total - Gender,15 years and over,Persons in thousands,428,thousands,3,v2364403,3.2.2.1.1,22.2,Unknown,1
2024,Prince Edward Island,2021A000211,Employment,Goods-producing sector,Total - Gender,15 years and over,Persons in thousands,428,thousands,3,v2364403,3.2.2.1.1,23.0,Unknown,1
2020,Prince Edward Island,2021A000211,Employment,"Agriculture [111-112, 1100, 1151-1152]",Total - Gender,15 years and over,Persons in thousands,428,thousands,3,v2364404,3.2.3.1.1,3.8,Unknown,1
2021,Prince Edward Island,2021A000211,Employment,"Agriculture [111-112, 1100, 1151-1152]",Total - Gender,15 years and over,Persons in thousands,428,thousands,3,v2364404,3.2.3.1.1,3.3,Unknown,1
2022,Prince Edward Island,2021A000211,Employment,"Agriculture [111-112, 1100, 1151-1152]",Total - Gender,15 years and over,Persons in thousands,428,thousands,3,v2364404,3.2.3.1.1,3.3,Unknown,1
2023,Prince Edward Island,2021A000211,Employment,"Agriculture [111-112, 1100, 1151-1152]",Total - Gender,15 years and over,Persons in thousands,428,thousands,3,v2364404,3.2.3.1.1,4.1,Unknown,1
2024,Prince Edward Island,2021A000211,Employment,"Agriculture [111-112, 1100, 1151-1152]",Total - Gender,15 years and over,Persons in thousands,428,thousands,3,v2364404,3.2.3.1.1,3.9,Unknown,1
2020,Prince Edward Island,2021A000211,Employment,"Forestry, fishing, mining, quarrying, oil and gas [21, 113-114, 1153, 2100]",Total - Gender,15 years and over,Persons in thousands,428,thousands,3,v2364405,3.2.4.1.1,2.4,Unknown,1
2021,Prince Edward Island,2021A000211,Employment,"Forestry, fishing, mining, quarrying, oil and gas [21, 113-114, 1153, 2100]",Total - Gender,15 years and over,Persons in thousands,428,thousands,3,v2364405,3.2.4.1.1,3.1,Unknown,1
2022,Prince Edward Island,2021A000211,Employment,"Forestry, fishing, mining, quarrying, oil and gas [21, 113-114, 1153, 2100]",Total - Gender,15 years and over,Persons in thousands,428,thousands,3,v2364405,3.2.4.1.1,2.4,Unknown,1
2023,Prince Edward Island,2021A000211,Employment,"Forestry, fishing, mining, quarrying, oil and gas [21, 113-114, 1153, 2100]",Total - Gender,15 years and over,Persons in thousands,428,thousands,3,v2364405,3.2.4.1.1,2.1,Unknown,1
2024,Prince Edward Island,2021A000211,Employment,"Forestry, fishing, mining, quarrying, oil and gas [21, 113-114, 1153, 2100]",Total - Gender,15 years and over,Persons in thousands,428,thousands,3,v2364405,3.2.4.1.1,2.2,Unknown,1
2020,Prince Edward Island,2021A000211,Employment,"Forestry and logging and support activities for forestry [113, 1153]",Total - Gender,15 years and over,Persons in thousands,428,thousands,3,v2364406,3.2.5.1.1,410.97272727272724,x,1
2021,Prince Edward Island,2021A000211,Employment,"Forestry and logging and support activities for forestry [113, 1153]",Total - Gender,15 years and over,Persons in thousands,428,thousands,3,v2364406,3.2.5.1.1,410.97272727272724,x,1
2022,Prince Edward Island,2021A000211,Employment,"Forestry and logging and support activities for forestry [113, 1153]",Total - Gender,15 years and over,Persons in thousands,428,thousands,3,v2364406,3.2.5.1.1,410.97272727272724,x,1
2023,Prince Edward Island,2021A000211,Employment,"Forestry and logging and support activities for forestry [113, 1153]",Total - Gender,15 years and over,Persons in thousands,428,thousands,3,v2364406,3.2.5.1.1,0.3,Unknown,1
2024,Prince Edward Island,2021A000211,Employment,"Forestry and logging and support activities for forestry [113, 1153]",Total - Gender,15 years and over,Persons in thousands,428,thousands,3,v2364406,3.2.5.1.1,410.97272727272724,x,1
2020,Prince Edward Island,2021A000211,Employment,"Fishing, hunting and trapping [114]",Total - Gender,15 years and over,Persons in thousands,428,thousands,3,v2364407,3.2.6.1.1,2.0,Unknown,1
2021,Prince Edward Island,2021A000211,Employment,"Fishing, hunting and trapping [114]",Total - Gender,15 years and over,Persons in thousands,428,thousands,3,v2364407,3.2.6.1.1,2.5,Unknown,1
2022,Prince Edward Island,2021A000211,Employment,"Fishing, hunting and trapping [114]",Total - Gender,15 years and over,Persons in thousands,428,thousands,3,v2364407,3.2.6.1.1,2.1,Unknown,1
2023,Prince Edward Island,2021A000211,Employment,"Fishing, hunting and trapping [114]",Total - Gender,15 years and over,Persons in thousands,428,thousands,3,v2364407,3.2.6.1.1,1.6,Unknown,1
2024,Prince Edward Island,2021A000211,Employment,"Fishing, hunting and trapping [114]",Total - Gender,15 years and over,Persons in thousands,428,thousands,3,v2364407,3.2.6.1.1,1.9,Unknown,1
2020,Prince Edward Island,2021A000211,Employment,"Mining, quarrying, and oil and gas extraction [21, 2100]",Total - Gender,15 years and over,Persons in thousands,428,thousands,3,v2364408,3.2.7.1.1,0.3,Unknown,1
2021,Prince Edward Island,2021A000211,Employment,"Mining, quarrying, and oil and gas extraction [21, 2100]",Total - Gender,15 years and over,Persons in thousands,428,thousands,3,v2364408,3.2.7.1.1,0.4,Unknown,1
2022,Prince Edward Island,2021A000211,Employment,"Mining, quarrying, and oil and gas extraction [21, 2100]",Total - Gender,15 years and over,Persons in thousands,428,thousands,3,v2364408,3.2.7.1.1,0.2,Unknown,1
2023,Prince Edward Island,2021A000211,Employment,"Mining, quarrying, and oil and gas extraction [21, 2100]",Total - Gender,15 years and over,Persons in thousands,428,thousands,3,v2364408,3.2.7.1.1,0.2,Unknown,1
2024,Prince Edward Island,2021A000211,Employment,"Mining, quarrying, and oil and gas extraction [21, 2100]",Total - Gender,15 years and over,Persons in thousands,428,thousands,3,v2364408,3.2.7.1.1,410.97272727272724,x,1
2020,Prince Edward Island,2021A000211,Employment,Utilities [22],Total - Gender,15 years and over,Persons in thousands,428,thousands,3,v2364409,3.2.8.1.1,0.2,Unknown,1
2021,Prince Edward Island,2021A000211,Employment,Utilities [22],Total - Gender,15 years and over,Persons in thousands,428,thousands,3,v2364409,3.2.8.1.1,0.3,Unknown,1
2022,Prince Edward Island,2021A000211,Employment,Utilities [22],Total - Gender,15 years and over,Persons in thousands,428,thousands,3,v2364409,3.2.8.1.1,0.2,Unknown,1
2023,Prince Edward Island,2021A000211,Employment,Utilities [22],Total - Gender,15 years and over,Persons in thousands,428,thousands,3,v2364409,3.2.8.1.1,0.3,Unknown,1
2024,Prince Edward Island,2021A000211,Employment,Utilities [22],Total - Gender,15 years and over,Persons in thousands,428,thousands,3,v2364409,3.2.8.1.1,0.3,Unknown,1
2020,Prince Edward Island,2021A000211,Employment,Construction [23],Total - Gender,15 years and over,Persons in thousands,428,thousands,3,v2364410,3.2.9.1.1,6.2,Unknown,1
2021,Prince Edward Island,2021A000211,Employment,Construction [23],Total - Gender,15 years and over,Persons in thousands,428,thousands,3,v2364410,3.2.9.1.1,5.8,Unknown,1
2022,Prince Edward Island,2021A000211,Employment,Construction [23],Total - Gender,15 years and over,Persons in thousands,428,thousands,3,v2364410,3.2.9.1.1,7.2,Unknown,1
2023,Prince Edward Island,2021A000211,Employment,Construction [23],Total - Gender,15 years and over,Persons in thousands,428,thousands,3,v2364410,3.2.9.1.1,7.7,Unknown,1
2024,Prince Edward Island,2021A000211,Employment,Construction [23],Total - Gender,15 years and over,Persons in thousands,428,thousands,3,v2364410,3.2.9.1.1,8.9,Unknown,1
2020,Prince Edward Island,2021A000211,Employment,Manufacturing [31-33],Total - Gender,15 years and over,Persons in thousands,428,thousands,3,v2364411,3.2.10.1.1,6.7,Unknown,1
2021,Prince Edward Island,2021A000211,Employment,Manufacturing [31-33],Total - Gender,15 years and over,Persons in thousands,428,thousands,3,v2364411,3.2.10.1.1,7.3,Unknown,1
2022,Prince Edward Island,2021A000211,Employment,Manufacturing [31-33],Total - Gender,15 years and over,Persons in thousands,428,thousands,3,v2364411,3.2.10.1.1,8.8,Unknown,1
2023,Prince Edward Island,2021A000211,Employment,Manufacturing [31-33],Total - Gender,15 years and over,Persons in thousands,428,thousands,3,v2364411,3.2.10.1.1,8.0,Unknown,1
2024,Prince Edward Island,2021A000211,Employment,Manufacturing [31-33],Total - Gender,15 years and over,Persons in thousands,428,thousands,3,v2364411,3.2.10.1.1,7.7,Unknown,1
2020,Prince Edward Island,2021A000211,Employment,"Durables [321, 327, 331-339]",Total - Gender,15 years and over,Persons in thousands,428,thousands,3,v2364412,3.2.11.1.1,2.4,Unknown,1
2021,Prince Edward Island,2021A000211,Employment,"Durables [321, 327, 331-339]",Total - Gender,15 years and over,Persons in thousands,428,thousands,3,v2364412,3.2.11.1.1,2.3,Unknown,1
2022,Prince Edward Island,2021A000211,Employment,"Durables [321, 327, 331-339]",Total - Gender,15 years and over,Persons in thousands,428,thousands,3,v2364412,3.2.11.1.1,2.4,Unknown,1
2023,Prince Edward Island,2021A000211,Employment,"Durables [321, 327, 331-339]",Total - Gender,15 years and over,Persons in thousands,428,thousands,3,v2364412,3.2.11.1.1,2.4,Unknown,1
2024,Prince Edward Island,2021A000211,Employment,"Durables [321, 327, 331-339]",Total - Gender,15 years and over,Persons in thousands,428,thousands,3,v2364412,3.2.11.1.1,2.7,Unknown,1
2020,Prince Edward Island,2021A000211,Employment,"Non-durables [311-316, 322-326]",Total - Gender,15 years and over,Persons in thousands,428,thousands,3,v2364413,3.2.12.1.1,4.3,Unknown,1
2021,Prince Edward Island,2021A000211,Employment,"Non-durables [311-316, 322-326]",Total - Gender,15 years and over,Persons in thousands,428,thousands,3,v2364413,3.2.12.1.1,5.0,Unknown,1
2022,Prince Edward Island,2021A000211,Employment,"Non-durables [311-316, 322-326]",Total - Gender,15 years and over,Persons in thousands,428,thousands,3,v2364413,3.2.12.1.1,6.4,Unknown,1
2023,Prince Edward Island,2021A000211,Employment,"Non-durables [311-316, 322-326]",Total - Gender,15 years and over,Persons in thousands,428,thousands,3,v2364413,3.2.12.1.1,5.5,Unknown,1
2024,Prince Edward Island,2021A000211,Employment,"Non-durables [311-316, 322-326]",Total - Gender,15 years and over,Persons in thousands,428,thousands,3,v2364413,3.2.12.1.1,5.1,Unknown,1
2020,Prince Edward Island,2021A000211,Employment,Services-producing sector,Total - Gender,15 years and over,Persons in thousands,428,thousands,3,v2364429,3.2.13.1.1,56.9,Unknown,1
2021,Prince Edward Island,2021A000211,Employment,Services-producing sector,Total - Gender,15 years and over,Persons in thousands,428,thousands,3,v2364429,3.2.13.1.1,60.2,Unknown,1
2022,Prince Edward Island,2021A000211,Employment,Services-producing sector,Total - Gender,15 years and over,Persons in thousands,428,thousands,3,v2364429,3.2.13.1.1,62.3,Unknown,1
2023,Prince Edward Island,2021A000211,Employment,Services-producing sector,Total - Gender,15 years and over,Persons in thousands,428,thousands,3,v2364429,3.2.13.1.1,67.2,Unknown,1
2024,Prince Edward Island,2021A000211,Employment,Services-producing sector,Total - Gender,15 years and over,Persons in thousands,428,thousands,3,v2364429,3.2.13.1.1,69.4,Unknown,1
2020,Prince Edward Island,2021A000211,Employment,"Wholesale and retail trade [41, 44-45]",Total - Gender,15 years and over,Persons in thousands,428,thousands,3,v2364428,3.2.14.1.1,11.1,Unknown,1
2021,Prince Edward Island,2021A000211,Employment,"Wholesale and retail trade [41, 44-45]",Total - Gender,15 years and over,Persons in thousands,428,thousands,3,v2364428,3.2.14.1.1,11.4,Unknown,1
2022,Prince Edward Island,2021A000211,Employment,"Wholesale and retail trade [41, 44-45]",Total - Gender,15 years and over,Persons in thousands,428,thousands,3,v2364428,3.2.14.1.1,11.1,Unknown,1
2023,Prince Edward Island,2021A000211,Employment,"Wholesale and retail trade [41, 44-45]",Total - Gender,15 years and over,Persons in thousands,428,thousands,3,v2364428,3.2.14.1.1,10.9,Unknown,1
2024,Prince Edward Island,2021A000211,Employment,"Wholesale and retail trade [41, 44-45]",Total - Gender,15 years and over,Persons in thousands,428,thousands,3,v2364428,3.2.14.1.1,11.0,Unknown,1
2020,Prince Edward Island,2021A000211,Employment,Wholesale trade [41],Total - Gender,15 years and over,Persons in thousands,428,thousands,3,v2364414,3.2.15.1.1,1.5,Unknown,1
2021,Prince Edward Island,2021A000211,Employment,Wholesale trade [41],Total - Gender,15 years and over,Persons in thousands,428,thousands,3,v2364414,3.2.15.1.1,1.5,Unknown,1
2022,Prince Edward Island,2021A000211,Employment,Wholesale trade [41],Total - Gender,15 years and over,Persons in thousands,428,thousands,3,v2364414,3.2.15.1.1,1.5,Unknown,1
2023,Prince Edward Island,2021A000211,Employment,Wholesale trade [41],Total - Gender,15 years and over,Persons in thousands,428,thousands,3,v2364414,3.2.15.1.1,1.6,Unknown,1
2024,Prince Edward Island,2021A000211,Employment,Wholesale trade [41],Total - Gender,15 years and over,Persons in thousands,428,thousands,3,v2364414,3.2.15.1.1,1.5,Unknown,1
2020,Prince Edward Island,2021A000211,Employment,Retail trade [44-45],Total - Gender,15 years and over,Persons in thousands,428,thousands,3,v2364415,3.2.16.1.1,9.6,Unknown,1
2021,Prince Edward Island,2021A000211,Employment,Retail trade [44-45],Total - Gender,15 years and over,Persons in thousands,428,thousands,3,v2364415,3.2.16.1.1,9.9,Unknown,1
2022,Prince Edward Island,2021A000211,Employment,Retail trade [44-45],Total - Gender,15 years and over,Persons in thousands,428,thousands,3,v2364415,3.2.16.1.1,9.6,Unknown,1
2023,Prince Edward Island,2021A000211,Employment,Retail trade [44-45],Total - Gender,15 years and over,Persons in thousands,428,thousands,3,v2364415,3.2.16.1.1,9.3,Unknown,1
2024,Prince Edward Island,2021A000211,Employment,Retail trade [44-45],Total - Gender,15 years and over,Persons in thousands,428,thousands,3,v2364415,3.2.16.1.1,9.5,Unknown,1
2020,Prince Edward Island,2021A000211,Employment,Transportation and warehousing [48-49],Total - Gender,15 years and over,Persons in thousands,428,thousands,3,v2364416,3.2.17.1.1,2.8,Unknown,1
2021,Prince Edward Island,2021A000211,Employment,Transportation and warehousing [48-49],Total - Gender,15 years and over,Persons in thousands,428,thousands,3,v2364416,3.2.17.1.1,2.6,Unknown,1
2022,Prince Edward Island,2021A000211,Employment,Transportation and warehousing [48-49],Total - Gender,15 years and over,Persons in thousands,428,thousands,3,v2364416,3.2.17.1.1,2.0,Unknown,1
2023,Prince Edward Island,2021A000211,Employment,Transportation and warehousing [48-49],Total - Gender,15 years and over,Persons in thousands,428,thousands,3,v2364416,3.2.17.1.1,2.5,Unknown,1
2024,Prince Edward Island,2021A000211,Employment,Transportation and warehousing [48-49],Total - Gender,15 years and over,Persons in thousands,428,thousands,3,v2364416,3.2.17.1.1,3.3,Unknown,1
2020,Prince Edward Island,2021A000211,Employment,"Finance, insurance, real estate, rental and leasing [52, 53]",Total - Gender,15 years and over,Persons in thousands,428,thousands,3,v2364417,3.2.18.1.1,3.1,Unknown,1
2021,Prince Edward Island,2021A000211,Employment,"Finance, insurance, real estate, rental and leasing [52, 53]",Total - Gender,15 years and over,Persons in thousands,428,thousands,3,v2364417,3.2.18.1.1,2.8,Unknown,1
2022,Prince Edward Island,2021A000211,Employment,"Finance, insurance, real estate, rental and leasing [52, 53]",Total - Gender,15 years and over,Persons in thousands,428,thousands,3,v2364417,3.2.18.1.1,2.8,Unknown,1
2023,Prince Edward Island,2021A000211,Employment,"Finance, insurance, real estate, rental and leasing [52, 53]",Total - Gender,15 years and over,Persons in thousands,428,thousands,3,v2364417,3.2.18.1.1,3.7,Unknown,1
2024,Prince Edward Island,2021A000211,Employment,"Finance, insurance, real estate, rental and leasing [52, 53]",Total - Gender,15 years and over,Persons in thousands,428,thousands,3,v2364417,3.2.18.1.1,4.0,Unknown,1
2020,Prince Edward Island,2021A000211,Employment,Finance and insurance [52],Total - Gender,15 years and over,Persons in thousands,428,thousands,3,v2364418,3.2.19.1.1,2.5,Unknown,1
2021,Prince Edward Island,2021A000211,Employment,Finance and insurance [52],Total - Gender,15 years and over,Persons in thousands,428,thousands,3,v2364418,3.2.19.1.1,1.9,Unknown,1
2022,Prince Edward Island,2021A000211,Employment,Finance and insurance [52],Total - Gender,15 years and over,Persons in thousands,428,thousands,3,v2364418,3.2.19.1.1,1.8,Unknown,1
2023,Prince Edward Island,2021A000211,Employment,Finance and insurance [52],Total - Gender,15 years and over,Persons in thousands,428,thousands,3,v2364418,3.2.19.1.1,2.4,Unknown,1
2024,Prince Edward Island,2021A000211,Employment,Finance and insurance [52],Total - Gender,15 years and over,Persons in thousands,428,thousands,3,v2364418,3.2.19.1.1,2.3,Unknown,1
2020,Prince Edward Island,2021A000211,Employment,Real estate and rental and leasing [53],Total - Gender,15 years and over,Persons in thousands,428,thousands,3,v2364419,3.2.20.1.1,0.7,Unknown,1
2021,Prince Edward Island,2021A000211,Employment,Real estate and rental and leasing [53],Total - Gender,15 years and over,Persons in thousands,428,thousands,3,v2364419,3.2.20.1.1,1.0,Unknown,1
2022,Prince Edward Island,2021A000211,Employment,Real estate and rental and leasing [53],Total - Gender,15 years and over,Persons in thousands,428,thousands,3,v2364419,3.2.20.1.1,1.0,Unknown,1
2023,Prince Edward Island,2021A000211,Employment,Real estate and rental and leasing [53],Total - Gender,15 years and over,Persons in thousands,428,thousands,3,v2364419,3.2.20.1.1,1.3,Unknown,1
2024,Prince Edward Island,2021A000211,Employment,Real estate and rental and leasing [53],Total - Gender,15 years and over,Persons in thousands,428,thousands,3,v2364419,3.2.20.1.1,1.7,Unknown,1
2020,Prince Edward Island,2021A000211,Employment,"Professional, scientific and technical services [54]",Total - Gender,15 years and over,Persons in thousands,428,thousands,3,v2364420,3.2.21.1.1,4.0,Unknown,1
2021,Prince Edward Island,2021A000211,Employment,"Professional, scientific and technical services [54]",Total - Gender,15 years and over,Persons in thousands,428,thousands,3,v2364420,3.2.21.1.1,4.2,Unknown,1
2022,Prince Edward Island,2021A000211,Employment,"Professional, scientific and technical services [54]",Total - Gender,15 years and over,Persons in thousands,428,thousands,3,v2364420,3.2.21.1.1,4.8,Unknown,1
2023,Prince Edward Island,2021A000211,Employment,"Professional, scientific and technical services [54]",Total - Gender,15 years and over,Persons in thousands,428,thousands,3,v2364420,3.2.21.1.1,4.6,Unknown,1
2024,Prince Edward Island,2021A000211,Employment,"Professional, scientific and technical services [54]",Total - Gender,15 years and over,Persons in thousands,428,thousands,3,v2364420,3.2.21.1.1,4.8,Unknown,1
2020,Prince Edward Island,2021A000211,Employment,"Business, building and other support services [55, 56]",Total - Gender,15 years and over,Persons in thousands,428,thousands,3,v2364421,3.2.22.1.1,2.1,Unknown,1
2021,Prince Edward Island,2021A000211,Employment,"Business, building and other support services [55, 56]",Total - Gender,15 years and over,Persons in thousands,428,thousands,3,v2364421,3.2.22.1.1,2.4,Unknown,1
2022,Prince Edward Island,2021A000211,Employment,"Business, building and other support services [55, 56]",Total - Gender,15 years and over,Persons in thousands,428,thousands,3,v2364421,3.2.22.1.1,2.4,Unknown,1
2023,Prince Edward Island,2021A000211,Employment,"Business, building and other support services [55, 56]",Total - Gender,15 years and over,Persons in thousands,428,thousands,3,v2364421,3.2.22.1.1,1.9,Unknown,1
2024,Prince Edward Island,2021A000211,Employment,"Business, building and other support services [55, 56]",Total - Gender,15 years and over,Persons in thousands,428,thousands,3,v2364421,3.2.22.1.1,2.3,Unknown,1
2020,Prince Edward Island,2021A000211,Employment,Educational services [61],Total - Gender,15 years and over,Persons in thousands,428,thousands,3,v2364422,3.2.23.1.1,5.7,Unknown,1
2021,Prince Edward Island,2021A000211,Employment,Educational services [61],Total - Gender,15 years and over,Persons in thousands,428,thousands,3,v2364422,3.2.23.1.1,6.1,Unknown,1
2022,Prince Edward Island,2021A000211,Employment,Educational services [61],Total - Gender,15 years and over,Persons in thousands,428,thousands,3,v2364422,3.2.23.1.1,5.8,Unknown,1
2023,Prince Edward Island,2021A000211,Employment,Educational services [61],Total - Gender,15 years and over,Persons in thousands,428,thousands,3,v2364422,3.2.23.1.1,6.3,Unknown,1
2024,Prince Edward Island,2021A000211,Employment,Educational services [61],Total - Gender,15 years and over,Persons in thousands,428,thousands,3,v2364422,3.2.23.1.1,6.6,Unknown,1
2020,Prince Edward Island,2021A000211,Employment,Health care and social assistance [62],Total - Gender,15 years and over,Persons in thousands,428,thousands,3,v2364423,3.2.24.1.1,10.6,Unknown,1
2021,Prince Edward Island,2021A000211,Employment,Health care and social assistance [62],Total - Gender,15 years and over,Persons in thousands,428,thousands,3,v2364423,3.2.24.1.1,11.4,Unknown,1
2022,Prince Edward Island,2021A000211,Employment,Health care and social assistance [62],Total - Gender,15 years and over,Persons in thousands,428,thousands,3,v2364423,3.2.24.1.1,12.0,Unknown,1
2023,Prince Edward Island,2021A000211,Employment,Health care and social assistance [62],Total - Gender,15 years and over,Persons in thousands,428,thousands,3,v2364423,3.2.24.1.1,14.6,Unknown,1
2024,Prince Edward Island,2021A000211,Employment,Health care and social assistance [62],Total - Gender,15 years and over,Persons in thousands,428,thousands,3,v2364423,3.2.24.1.1,14.5,Unknown,1
2020,Prince Edward Island,2021A000211,Employment,"Information, culture and recreation [51, 71]",Total - Gender,15 years and over,Persons in thousands,428,thousands,3,v2364424,3.2.25.1.1,2.1,Unknown,1
2021,Prince Edward Island,2021A000211,Employment,"Information, culture and recreation [51, 71]",Total - Gender,15 years and over,Persons in thousands,428,thousands,3,v2364424,3.2.25.1.1,2.5,Unknown,1
2022,Prince Edward Island,2021A000211,Employment,"Information, culture and recreation [51, 71]",Total - Gender,15 years and over,Persons in thousands,428,thousands,3,v2364424,3.2.25.1.1,3.0,Unknown,1
2023,Prince Edward Island,2021A000211,Employment,"Information, culture and recreation [51, 71]",Total - Gender,15 years and over,Persons in thousands,428,thousands,3,v2364424,3.2.25.1.1,2.9,Unknown,1
2024,Prince Edward Island,2021A000211,Employment,"Information, culture and recreation [51, 71]",Total - Gender,15 years and over,Persons in thousands,428,thousands,3,v2364424,3.2.25.1.1,2.8,Unknown,1
2020,Prince Edward Island,2021A000211,Employment,Accommodation and food services [72],Total - Gender,15 years and over,Persons in thousands,428,thousands,3,v2364425,3.2.26.1.1,4.2,Unknown,1
2021,Prince Edward Island,2021A000211,Employment,Accommodation and food services [72],Total - Gender,15 years and over,Persons in thousands,428,thousands,3,v2364425,3.2.26.1.1,4.4,Unknown,1
2022,Prince Edward Island,2021A000211,Employment,Accommodation and food services [72],Total - Gender,15 years and over,Persons in thousands,428,thousands,3,v2364425,3.2.26.1.1,4.8,Unknown,1
2023,Prince Edward Island,2021A000211,Employment,Accommodation and food services [72],Total - Gender,15 years and over,Persons in thousands,428,thousands,3,v2364425,3.2.26.1.1,5.5,Unknown,1
2024,Prince Edward Island,2021A000211,Employment,Accommodation and food services [72],Total - Gender,15 years and over,Persons in thousands,428,thousands,3,v2364425,3.2.26.1.1,5.9,Unknown,1
2020,Prince Edward Island,2021A000211,Employment,Other services (except public administration) [81],Total - Gender,15 years and over,Persons in thousands,428,thousands,3,v2364426,3.2.27.1.1,3.1,Unknown,1
2021,Prince Edward Island,2021A000211,Employment,Other services (except public administration) [81],Total - Gender,15 years and over,Persons in thousands,428,thousands,3,v2364426,3.2.27.1.1,3.2,Unknown,1
2022,Prince Edward Island,2021A000211,Employment,Other services (except public administration) [81],Total - Gender,15 years and over,Persons in thousands,428,thousands,3,v2364426,3.2.27.1.1,3.5,Unknown,1
2023,Prince Edward Island,2021A000211,Employment,Other services (except public administration) [81],Total - Gender,15 years and over,Persons in thousands,428,thousands,3,v2364426,3.2.27.1.1,3.8,Unknown,1
2024,Prince Edward Island,2021A000211,Employment,Other services (except public administration) [81],Total - Gender,15 years and over,Persons in thousands,428,thousands,3,v2364426,3.2.27.1.1,3.7,Unknown,1
2020,Prince Edward Island,2021A000211,Employment,Public administration [91],Total - Gender,15 years and over,Persons in thousands,428,thousands,3,v2364427,3.2.28.1.1,8.1,Unknown,1
2021,Prince Edward Island,2021A000211,Employment,Public administration [91],Total - Gender,15 years and over,Persons in thousands,428,thousands,3,v2364427,3.2.28.1.1,9.1,Unknown,1
2022,Prince Edward Island,2021A000211,Employment,Public administration [91],Total - Gender,15 years and over,Persons in thousands,428,thousands,3,v2364427,3.2.28.1.1,10.2,Unknown,1
2023,Prince Edward Island,2021A000211,Employment,Public administration [91],Total - Gender,15 years and over,Persons in thousands,428,thousands,3,v2364427,3.2.28.1.1,10.5,Unknown,1
2024,Prince Edward Island,2021A000211,Employment,Public administration [91],Total - Gender,15 years and over,Persons in thousands,428,thousands,3,v2364427,3.2.28.1.1,10.5,Unknown,1
2021,Nova Scotia,2021A000212,Employment,"Total, all industries",Total - Gender,15 years and over,Persons in thousands,428,thousands,3,v2364912,4.2.1.1.1,475.5,Unknown,1
2022,Nova Scotia,2021A000212,Employment,"Total, all industries",Total - Gender,15 years and over,Persons in thousands,428,thousands,3,v2364912,4.2.1.1.1,492.1,Unknown,1
2023,Nova Scotia,2021A000212,Employment,"Total, all industries",Total - Gender,15 years and over,Persons in thousands,428,thousands,3,v2364912,4.2.1.1.1,505.3,Unknown,1
2024,Nova Scotia,2021A000212,Employment,"Total, all industries",Total - Gender,15 years and over,Persons in thousands,428,thousands,3,v2364912,4.2.1.1.1,521.3,Unknown,1
2020,Nova Scotia,2021A000212,Employment,Goods-producing sector,Total - Gender,15 years and over,Persons in thousands,428,thousands,3,v2364913,4.2.2.1.1,88.3,Unknown,1
2021,Nova Scotia,2021A000212,Employment,Goods-producing sector,Total - Gender,15 years and over,Persons in thousands,428,thousands,3,v2364913,4.2.2.1.1,93.1,Unknown,1
2022,Nova Scotia,2021A000212,Employment,Goods-producing sector,Total - Gender,15 years and over,Persons in thousands,428,thousands,3,v2364913,4.2.2.1.1,99.2,Unknown,1
2023,Nova Scotia,2021A000212,Employment,Goods-producing sector,Total - Gender,15 years and over,Persons in thousands,428,thousands,3,v2364913,4.2.2.1.1,94.4,Unknown,1
2024,Nova Scotia,2021A000212,Employment,Goods-producing sector,Total - Gender,15 years and over,Persons in thousands,428,thousands,3,v2364913,4.2.2.1.1,96.3,Unknown,1
2020,Nova Scotia,2021A000212,Employment,"Agriculture [111-112, 1100, 1151-1152]",Total - Gender,15 years and over,Persons in thousands,428,thousands,3,v2364914,4.2.3.1.1,6.1,Unknown,1
2021,Nova Scotia,2021A000212,Employment,"Agriculture [111-112, 1100, 1151-1152]",Total - Gender,15 years and over,Persons in thousands,428,thousands,3,v2364914,4.2.3.1.1,6.4,Unknown,1
2022,Nova Scotia,2021A000212,Employment,"Agriculture [111-112, 1100, 1151-1152]",Total - Gender,15 years and over,Persons in thousands,428,thousands,3,v2364914,4.2.3.1.1,5.1,Unknown,1
2023,Nova Scotia,2021A000212,Employment,"Agriculture [111-112, 1100, 1151-1152]",Total - Gender,15 years and over,Persons in thousands,428,thousands,3,v2364914,4.2.3.1.1,5.4,Unknown,1
2024,Nova Scotia,2021A000212,Employment,"Agriculture [111-112, 1100, 1151-1152]",Total - Gender,15 years and over,Persons in thousands,428,thousands,3,v2364914,4.2.3.1.1,3.7,Unknown,1
2020,Nova Scotia,2021A000212,Employment,"Forestry, fishing, mining, quarrying, oil and gas [21, 113-114, 1153, 2100]",Total - Gender,15 years and over,Persons in thousands,428,thousands,3,v2364915,4.2.4.1.1,11.2,Unknown,1
2021,Nova Scotia,2021A000212,Employment,"Forestry, fishing, mining, quarrying, oil and gas [21, 113-114, 1153, 2100]",Total - Gender,15 years and over,Persons in thousands,428,thousands,3,v2364915,4.2.4.1.1,11.4,Unknown,1
2022,Nova Scotia,2021A000212,Employment,"Forestry, fishing, mining, quarrying, oil and gas [21, 113-114, 1153, 2100]",Total - Gender,15 years and over,Persons in thousands,428,thousands,3,v2364915,4.2.4.1.1,10.1,Unknown,1
2023,Nova Scotia,2021A000212,Employment,"Forestry, fishing, mining, quarrying, oil and gas [21, 113-114, 1153, 2100]",Total - Gender,15 years and over,Persons in thousands,428,thousands,3,v2364915,4.2.4.1.1,9.7,Unknown,1
2024,Nova Scotia,2021A000212,Employment,"Forestry, fishing, mining, quarrying, oil and gas [21, 113-114, 1153, 2100]",Total - Gender,15 years and over,Persons in thousands,428,thousands,3,v2364915,4.2.4.1.1,10.6,Unknown,1
2020,Nova Scotia,2021A000212,Employment,"Forestry and logging and support activities for forestry [113, 1153]",Total - Gender,15 years and over,Persons in thousands,428,thousands,3,v2364916,4.2.5.1.1,2.1,Unknown,1
2021,Nova Scotia,2021A000212,Employment,"Forestry and logging and support activities for forestry [113, 1153]",Total - Gender,15 years and over,Persons in thousands,428,thousands,3,v2364916,4.2.5.1.1,2.3,Unknown,1
2022,Nova Scotia,2021A000212,Employment,"Forestry and logging and support activities for forestry [113, 1153]",Total - Gender,15 years and over,Persons in thousands,428,thousands,3,v2364916,4.2.5.1.1,1.9,Unknown,1
2023,Nova Scotia,2021A000212,Employment,"Forestry and logging and support activities for forestry [113, 1153]",Total - Gender,15 years and over,Persons in thousands,428,thousands,3,v2364916,4.2.5.1.1,1.0,Unknown,1
2024,Nova Scotia,2021A000212,Employment,"Forestry and logging and support activities for forestry [113, 1153]",Total - Gender,15 years and over,Persons in thousands,428,thousands,3,v2364916,4.2.5.1.1,1.6,Unknown,1
2020,Nova Scotia,2021A000212,Employment,"Fishing, hunting and trapping [114]",Total - Gender,15 years and over,Persons in thousands,428,thousands,3,v2364917,4.2.6.1.1,6.0,Unknown,1
2021,Nova Scotia,2021A000212,Employment,"Fishing, hunting and trapping [114]",Total - Gender,15 years and over,Persons in thousands,428,thousands,3,v2364917,4.2.6.1.1,6.4,Unknown,1
2022,Nova Scotia,2021A000212,Employment,"Fishing, hunting and trapping [114]",Total - Gender,15 years and over,Persons in thousands,428,thousands,3,v2364917,4.2.6.1.1,5.6,Unknown,1
2023,Nova Scotia,2021A000212,Employment,"Fishing, hunting and trapping [114]",Total - Gender,15 years and over,Persons in thousands,428,thousands,3,v2364917,4.2.6.1.1,5.8,Unknown,1
2024,Nova Scotia,2021A000212,Employment,"Fishing, hunting and trapping [114]",Total - Gender,15 years and over,Persons in thousands,428,thousands,3,v2364917,4.2.6.1.1,6.9,Unknown,1
2020,Nova Scotia,2021A000212,Employment,"Mining, quarrying, and oil and gas extraction [21, 2100]",Total - Gender,15 years and over,Persons in thousands,428,thousands,3,v2364918,4.2.7.1.1,3.1,Unknown,1
2021,Nova Scotia,2021A000212,Employment,"Mining, quarrying, and oil and gas extraction [21, 2100]",Total - Gender,15 years and over,Persons in thousands,428,thousands,3,v2364918,4.2.7.1.1,2.8,Unknown,1
2022,Nova Scotia,2021A000212,Employment,"Mining, quarrying, and oil and gas extraction [21, 2100]",Total - Gender,15 years and over,Persons in thousands,428,thousands,3,v2364918,4.2.7.1.1,2.6,Unknown,1
2023,Nova Scotia,2021A000212,Employment,"Mining, quarrying, and oil and gas extraction [21, 2100]",Total - Gender,15 years and over,Persons in thousands,428,thousands,3,v2364918,4.2.7.1.1,2.9,Unknown,1
2024,Nova Scotia,2021A000212,Employment,"Mining, quarrying, and oil and gas extraction [21, 2100]",Total - Gender,15 years and over,Persons in thousands,428,thousands,3,v2364918,4.2.7.1.1,2.1,Unknown,1
2020,Nova Scotia,2021A000212,Employment,Utilities [22],Total - Gender,15 years and over,Persons in thousands,428,thousands,3,v2364919,4.2.8.1.1,4.1,Unknown,1
2021,Nova Scotia,2021A000212,Employment,Utilities [22],Total - Gender,15 years and over,Persons in thousands,428,thousands,3,v2364919,4.2.8.1.1,5.1,Unknown,1
2022,Nova Scotia,2021A000212,Employment,Utilities [22],Total - Gender,15 years and over,Persons in thousands,428,thousands,3,v2364919,4.2.8.1.1,4.6,Unknown,1
2023,Nova Scotia,2021A000212,Employment,Utilities [22],Total - Gender,15 years and over,Persons in thousands,428,thousands,3,v2364919,4.2.8.1.1,3.1,Unknown,1
2024,Nova Scotia,2021A000212,Employment,Utilities [22],Total - Gender,15 years and over,Persons in thousands,428,thousands,3,v2364919,4.2.8.1.1,4.3,Unknown,1
2020,Nova Scotia,2021A000212,Employment,Construction [23],Total - Gender,15 years and over,Persons in thousands,428,thousands,3,v2364920,4.2.9.1.1,33.8,Unknown,1
2021,Nova Scotia,2021A000212,Employment,Construction [23],Total - Gender,15 years and over,Persons in thousands,428,thousands,3,v2364920,4.2.9.1.1,36.3,Unknown,1
2022,Nova Scotia,2021A000212,Employment,Construction [23],Total - Gender,15 years and over,Persons in thousands,428,thousands,3,v2364920,4.2.9.1.1,43.5,Unknown,1
2023,Nova Scotia,2021A000212,Employment,Construction [23],Total - Gender,15 years and over,Persons in thousands,428,thousands,3,v2364920,4.2.9.1.1,38.7,Unknown,1
2024,Nova Scotia,2021A000212,Employment,Construction [23],Total - Gender,15 years and over,Persons in thousands,428,thousands,3,v2364920,4.2.9.1.1,42.3,Unknown,1
2020,Nova Scotia,2021A000212,Employment,Manufacturing [31-33],Total - Gender,15 years and over,Persons in thousands,428,thousands,3,v2364921,4.2.10.1.1,33.2,Unknown,1
2021,Nova Scotia,2021A000212,Employment,Manufacturing [31-33],Total - Gender,15 years and over,Persons in thousands,428,thousands,3,v2364921,4.2.10.1.1,33.9,Unknown,1
2022,Nova Scotia,2021A000212,Employment,Manufacturing [31-33],Total - Gender,15 years and over,Persons in thousands,428,thousands,3,v2364921,4.2.10.1.1,36.0,Unknown,1
2023,Nova Scotia,2021A000212,Employment,Manufacturing [31-33],Total - Gender,15 years and over,Persons in thousands,428,thousands,3,v2364921,4.2.10.1.1,37.6,Unknown,1
2024,Nova Scotia,2021A000212,Employment,Manufacturing [31-33],Total - Gender,15 years and over,Persons in thousands,428,thousands,3,v2364921,4.2.10.1.1,35.5,Unknown,1
2020,Nova Scotia,2021A000212,Employment,"Durables [321, 327, 331-339]",Total - Gender,15 years and over,Persons in thousands,428,thousands,3,v2364922,4.2.11.1.1,14.9,Unknown,1
2021,Nova Scotia,2021A000212,Employment,"Durables [321, 327, 331-339]",Total - Gender,15 years and over,Persons in thousands,428,thousands,3,v2364922,4.2.11.1.1,14.9,Unknown,1
2022,Nova Scotia,2021A000212,Employment,"Durables [321, 327, 331-339]",Total - Gender,15 years and over,Persons in thousands,428,thousands,3,v2364922,4.2.11.1.1,16.3,Unknown,1
2023,Nova Scotia,2021A000212,Employment,"Durables [321, 327, 331-339]",Total - Gender,15 years and over,Persons in thousands,428,thousands,3,v2364922,4.2.11.1.1,16.7,Unknown,1
2024,Nova Scotia,2021A000212,Employment,"Durables [321, 327, 331-339]",Total - Gender,15 years and over,Persons in thousands,428,thousands,3,v2364922,4.2.11.1.1,16.8,Unknown,1
2020,Nova Scotia,2021A000212,Employment,"Non-durables [311-316, 322-326]",Total - Gender,15 years and over,Persons in thousands,428,thousands,3,v2364923,4.2.12.1.1,18.3,Unknown,1
2021,Nova Scotia,2021A000212,Employment,"Non-durables [311-316, 322-326]",Total - Gender,15 years and over,Persons in thousands,428,thousands,3,v2364923,4.2.12.1.1,19.1,Unknown,1
2022,Nova Scotia,2021A000212,Employment,"Non-durables [311-316, 322-326]",Total - Gender,15 years and over,Persons in thousands,428,thousands,3,v2364923,4.2.12.1.1,19.7,Unknown,1
2023,Nova Scotia,2021A000212,Employment,"Non-durables [311-316, 322-326]",Total - Gender,15 years and over,Persons in thousands,428,thousands,3,v2364923,4.2.12.1.1,20.9,Unknown,1
2024,Nova Scotia,2021A000212,Employment,"Non-durables [311-316, 322-326]",Total - Gender,15 years and over,Persons in thousands,428,thousands,3,v2364923,4.2.12.1.1,18.7,Unknown,1
2020,Nova Scotia,2021A000212,Employment,Services-producing sector,Total - Gender,15 years and over,Persons in thousands,428,thousands,3,v2364939,4.2.13.1.1,358.8,Unknown,1
2021,Nova Scotia,2021A000212,Employment,Services-producing sector,Total - Gender,15 years and over,Persons in thousands,428,thousands,3,v2364939,4.2.13.1.1,382.4,Unknown,1
2022,Nova Scotia,2021A000212,Employment,Services-producing sector,Total - Gender,15 years and over,Persons in thousands,428,thousands,3,v2364939,4.2.13.1.1,392.9,Unknown,1
2023,Nova Scotia,2021A000212,Employment,Services-producing sector,Total - Gender,15 years and over,Persons in thousands,428,thousands,3,v2364939,4.2.13.1.1,410.8,Unknown,1
2024,Nova Scotia,2021A000212,Employment,Services-producing sector,Total - Gender,15 years and over,Persons in thousands,428,thousands,3,v2364939,4.2.13.1.1,425.0,Unknown,1
2020,Nova Scotia,2021A000212,Employment,"Wholesale and retail trade [41, 44-45]",Total - Gender,15 years and over,Persons in thousands,428,thousands,3,v2364938,4.2.14.1.1,69.6,Unknown,1
2021,Nova Scotia,2021A000212,Employment,"Wholesale and retail trade [41, 44-45]",Total - Gender,15 years and over,Persons in thousands,428,thousands,3,v2364938,4.2.14.1.1,72.8,Unknown,1
2022,Nova Scotia,2021A000212,Employment,"Wholesale and retail trade [41, 44-45]",Total - Gender,15 years and over,Persons in thousands,428,thousands,3,v2364938,4.2.14.1.1,75.0,Unknown,1
2023,Nova Scotia,2021A000212,Employment,"Wholesale and retail trade [41, 44-45]",Total - Gender,15 years and over,Persons in thousands,428,thousands,3,v2364938,4.2.14.1.1,79.3,Unknown,1
2024,Nova Scotia,2021A000212,Employment,"Wholesale and retail trade [41, 44-45]",Total - Gender,15 years and over,Persons in thousands,428,thousands,3,v2364938,4.2.14.1.1,78.8,Unknown,1
2020,Nova Scotia,2021A000212,Employment,Wholesale trade [41],Total - Gender,15 years and over,Persons in thousands,428,thousands,3,v2364924,4.2.15.1.1,11.9,Unknown,1
2021,Nova Scotia,2021A000212,Employment,Wholesale trade [41],Total - Gender,15 years and over,Persons in thousands,428,thousands,3,v2364924,4.2.15.1.1,13.1,Unknown,1
2022,Nova Scotia,2021A000212,Employment,Wholesale trade [41],Total - Gender,15 years and over,Persons in thousands,428,thousands,3,v2364924,4.2.15.1.1,12.3,Unknown,1
2023,Nova Scotia,2021A000212,Employment,Wholesale trade [41],Total - Gender,15 years and over,Persons in thousands,428,thousands,3,v2364924,4.2.15.1.1,13.7,Unknown,1
2024,Nova Scotia,2021A000212,Employment,Wholesale trade [41],Total - Gender,15 years and over,Persons in thousands,428,thousands,3,v2364924,4.2.15.1.1,15.7,Unknown,1
2020,Nova Scotia,2021A000212,Employment,Retail trade [44-45],Total - Gender,15 years and over,Persons in thousands,428,thousands,3,v2364925,4.2.16.1.1,57.7,Unknown,1
2021,Nova Scotia,2021A000212,Employment,Retail trade [44-45],Total - Gender,15 years and over,Persons in thousands,428,thousands,3,v2364925,4.2.16.1.1,59.7,Unknown,1
2022,Nova Scotia,2021A000212,Employment,Retail trade [44-45],Total - Gender,15 years and over,Persons in thousands,428,thousands,3,v2364925,4.2.16.1.1,62.8,Unknown,1
2023,Nova Scotia,2021A000212,Employment,Retail trade [44-45],Total - Gender,15 years and over,Persons in thousands,428,thousands,3,v2364925,4.2.16.1.1,65.6,Unknown,1
2024,Nova Scotia,2021A000212,Employment,Retail trade [44-45],Total - Gender,15 years and over,Persons in thousands,428,thousands,3,v2364925,4.2.16.1.1,63.1,Unknown,1
2020,Nova Scotia,2021A000212,Employment,Transportation and warehousing [48-49],Total - Gender,15 years and over,Persons in thousands,428,thousands,3,v2364926,4.2.17.1.1,19.1,Unknown,1
2021,Nova Scotia,2021A000212,Employment,Transportation and warehousing [48-49],Total - Gender,15 years and over,Persons in thousands,428,thousands,3,v2364926,4.2.17.1.1,25.2,Unknown,1
2022,Nova Scotia,2021A000212,Employment,Transportation and warehousing [48-49],Total - Gender,15 years and over,Persons in thousands,428,thousands,3,v2364926,4.2.17.1.1,20.8,Unknown,1
2023,Nova Scotia,2021A000212,Employment,Transportation and warehousing [48-49],Total - Gender,15 years and over,Persons in thousands,428,thousands,3,v2364926,4.2.17.1.1,21.9,Unknown,1
2024,Nova Scotia,2021A000212,Employment,Transportation and warehousing [48-49],Total - Gender,15 years and over,Persons in thousands,428,thousands,3,v2364926,4.2.17.1.1,21.8,Unknown,1
2020,Nova Scotia,2021A000212,Employment,"Finance, insurance, real estate, rental and leasing [52, 53]",Total - Gender,15 years and over,Persons in thousands,428,thousands,3,v2364927,4.2.18.1.1,23.5,Unknown,1
2021,Nova Scotia,2021A000212,Employment,"Finance, insurance, real estate, rental and leasing [52, 53]",Total - Gender,15 years and over,Persons in thousands,428,thousands,3,v2364927,4.2.18.1.1,25.8,Unknown,1
2022,Nova Scotia,2021A000212,Employment,"Finance, insurance, real estate, rental and leasing [52, 53]",Total - Gender,15 years and over,Persons in thousands,428,thousands,3,v2364927,4.2.18.1.1,27.5,Unknown,1
2023,Nova Scotia,2021A000212,Employment,"Finance, insurance, real estate, rental and leasing [52, 53]",Total - Gender,15 years and over,Persons in thousands,428,thousands,3,v2364927,4.2.18.1.1,30.1,Unknown,1
2024,Nova Scotia,2021A000212,Employment,"Finance, insurance, real estate, rental and leasing [52, 53]",Total - Gender,15 years and over,Persons in thousands,428,thousands,3,v2364927,4.2.18.1.1,30.3,Unknown,1
2020,Nova Scotia,2021A000212,Employment,Finance and insurance [52],Total - Gender,15 years and over,Persons in thousands,428,thousands,3,v2364928,4.2.19.1.1,16.2,Unknown,1
2021,Nova Scotia,2021A000212,Employment,Finance and insurance [52],Total - Gender,15 years and over,Persons in thousands,428,thousands,3,v2364928,4.2.19.1.1,18.6,Unknown,1
2022,Nova Scotia,2021A000212,Employment,Finance and insurance [52],Total - Gender,15 years and over,Persons in thousands,428,thousands,3,v2364928,4.2.19.1.1,19.0,Unknown,1
2023,Nova Scotia,2021A000212,Employment,Finance and insurance [52],Total - Gender,15 years and over,Persons in thousands,428,thousands,3,v2364928,4.2.19.1.1,22.0,Unknown,1
2024,Nova Scotia,2021A000212,Employment,Finance and insurance [52],Total - Gender,15 years and over,Persons in thousands,428,thousands,3,v2364928,4.2.19.1.1,22.2,Unknown,1
2020,Nova Scotia,2021A000212,Employment,Real estate and rental and leasing [53],Total - Gender,15 years and over,Persons in thousands,428,thousands,3,v2364929,4.2.20.1.1,7.3,Unknown,1
2021,Nova Scotia,2021A000212,Employment,Real estate and rental and leasing [53],Total - Gender,15 years and over,Persons in thousands,428,thousands,3,v2364929,4.2.20.1.1,7.2,Unknown,1
2022,Nova Scotia,2021A000212,Employment,Real estate and rental and leasing [53],Total - Gender,15 years and over,Persons in thousands,428,thousands,3,v2364929,4.2.20.1.1,8.5,Unknown,1
2023,Nova Scotia,2021A000212,Employment,Real estate and rental and leasing [53],Total - Gender,15 years and over,Persons in thousands,428,thousands,3,v2364929,4.2.20.1.1,8.1,Unknown,1
2024,Nova Scotia,2021A000212,Employment,Real estate and rental and leasing [53],Total - Gender,15 years and over,Persons in thousands,428,thousands,3,v2364929,4.2.20.1.1,8.2,Unknown,1
2020,Nova Scotia,2021A000212,Employment,"Professional, scientific and technical services [54]",Total - Gender,15 years and over,Persons in thousands,428,thousands,3,v2364930,4.2.21.1.1,30.0,Unknown,1
2021,Nova Scotia,2021A000212,Employment,"Professional, scientific and technical services [54]",Total - Gender,15 years and over,Persons in thousands,428,thousands,3,v2364930,4.2.21.1.1,33.8,Unknown,1
2022,Nova Scotia,2021A000212,Employment,"Professional, scientific and technical services [54]",Total - Gender,15 years and over,Persons in thousands,428,thousands,3,v2364930,4.2.21.1.1,38.6,Unknown,1
2023,Nova Scotia,2021A000212,Employment,"Professional, scientific and technical services [54]",Total - Gender,15 years and over,Persons in thousands,428,thousands,3,v2364930,4.2.21.1.1,39.2,Unknown,1
2024,Nova Scotia,2021A000212,Employment,"Professional, scientific and technical services [54]",Total - Gender,15 years and over,Persons in thousands,428,thousands,3,v2364930,4.2.21.1.1,35.9,Unknown,1
2020,Nova Scotia,2021A000212,Employment,"Business, building and other support services [55, 56]",Total - Gender,15 years and over,Persons in thousands,428,thousands,3,v2364931,4.2.22.1.1,18.5,Unknown,1
2021,Nova Scotia,2021A000212,Employment,"Business, building and other support services [55, 56]",Total - Gender,15 years and over,Persons in thousands,428,thousands,3,v2364931,4.2.22.1.1,18.7,Unknown,1
2022,Nova Scotia,2021A000212,Employment,"Business, building and other support services [55, 56]",Total - Gender,15 years and over,Persons in thousands,428,thousands,3,v2364931,4.2.22.1.1,19.0,Unknown,1
2023,Nova Scotia,2021A000212,Employment,"Business, building and other support services [55, 56]",Total - Gender,15 years and over,Persons in thousands,428,thousands,3,v2364931,4.2.22.1.1,17.8,Unknown,1
2024,Nova Scotia,2021A000212,Employment,"Business, building and other support services [55, 56]",Total - Gender,15 years and over,Persons in thousands,428,thousands,3,v2364931,4.2.22.1.1,16.7,Unknown,1
2020,Nova Scotia,2021A000212,Employment,Educational services [61],Total - Gender,15 years and over,Persons in thousands,428,thousands,3,v2364932,4.2.23.1.1,36.2,Unknown,1
2021,Nova Scotia,2021A000212,Employment,Educational services [61],Total - Gender,15 years and over,Persons in thousands,428,thousands,3,v2364932,4.2.23.1.1,37.2,Unknown,1
2022,Nova Scotia,2021A000212,Employment,Educational services [61],Total - Gender,15 years and over,Persons in thousands,428,thousands,3,v2364932,4.2.23.1.1,37.1,Unknown,1
2023,Nova Scotia,2021A000212,Employment,Educational services [61],Total - Gender,15 years and over,Persons in thousands,428,thousands,3,v2364932,4.2.23.1.1,39.0,Unknown,1
2024,Nova Scotia,2021A000212,Employment,Educational services [61],Total - Gender,15 years and over,Persons in thousands,428,thousands,3,v2364932,4.2.23.1.1,43.1,Unknown,1
2020,Nova Scotia,2021A000212,Employment,Health care and social assistance [62],Total - Gender,15 years and over,Persons in thousands,428,thousands,3,v2364933,4.2.24.1.1,72.5,Unknown,1
2021,Nova Scotia,2021A000212,Employment,Health care and social assistance [62],Total - Gender,15 years and over,Persons in thousands,428,thousands,3,v2364933,4.2.24.1.1,79.2,Unknown,1
2022,Nova Scotia,2021A000212,Employment,Health care and social assistance [62],Total - Gender,15 years and over,Persons in thousands,428,thousands,3,v2364933,4.2.24.1.1,80.9,Unknown,1
2023,Nova Scotia,2021A000212,Employment,Health care and social assistance [62],Total - Gender,15 years and over,Persons in thousands,428,thousands,3,v2364933,4.2.24.1.1,79.1,Unknown,1
2024,Nova Scotia,2021A000212,Employment,Health care and social assistance [62],Total - Gender,15 years and over,Persons in thousands,428,thousands,3,v2364933,4.2.24.1.1,83.3,Unknown,1
2020,Nova Scotia,2021A000212,Employment,"Information, culture and recreation [51, 71]",Total - Gender,15 years and over,Persons in thousands,428,thousands,3,v2364934,4.2.25.1.1,15.2,Unknown,1
2021,Nova Scotia,2021A000212,Employment,"Information, culture and recreation [51, 71]",Total - Gender,15 years and over,Persons in thousands,428,thousands,3,v2364934,4.2.25.1.1,13.7,Unknown,1
2022,Nova Scotia,2021A000212,Employment,"Information, culture and recreation [51, 71]",Total - Gender,15 years and over,Persons in thousands,428,thousands,3,v2364934,4.2.25.1.1,16.4,Unknown,1
2023,Nova Scotia,2021A000212,Employment,"Information, culture and recreation [51, 71]",Total - Gender,15 years and over,Persons in thousands,428,thousands,3,v2364934,4.2.25.1.1,19.5,Unknown,1
2024,Nova Scotia,2021A000212,Employment,"Information, culture and recreation [51, 71]",Total - Gender,15 years and over,Persons in thousands,428,thousands,3,v2364934,4.2.25.1.1,19.9,Unknown,1
2020,Nova Scotia,2021A000212,Employment,Accommodation and food services [72],Total - Gender,15 years and over,Persons in thousands,428,thousands,3,v2364935,4.2.26.1.1,28.3,Unknown,1
2021,Nova Scotia,2021A000212,Employment,Accommodation and food services [72],Total - Gender,15 years and over,Persons in thousands,428,thousands,3,v2364935,4.2.26.1.1,28.3,Unknown,1
2022,Nova Scotia,2021A000212,Employment,Accommodation and food services [72],Total - Gender,15 years and over,Persons in thousands,428,thousands,3,v2364935,4.2.26.1.1,28.1,Unknown,1
2023,Nova Scotia,2021A000212,Employment,Accommodation and food services [72],Total - Gender,15 years and over,Persons in thousands,428,thousands,3,v2364935,4.2.26.1.1,30.2,Unknown,1
2024,Nova Scotia,2021A000212,Employment,Accommodation and food services [72],Total - Gender,15 years and over,Persons in thousands,428,thousands,3,v2364935,4.2.26.1.1,34.8,Unknown,1
2020,Nova Scotia,2021A000212,Employment,Other services (except public administration) [81],Total - Gender,15 years and over,Persons in thousands,428,thousands,3,v2364936,4.2.27.1.1,16.7,Unknown,1
2021,Nova Scotia,2021A000212,Employment,Other services (except public administration) [81],Total - Gender,15 years and over,Persons in thousands,428,thousands,3,v2364936,4.2.27.1.1,17.2,Unknown,1
2022,Nova Scotia,2021A000212,Employment,Other services (except public administration) [81],Total - Gender,15 years and over,Persons in thousands,428,thousands,3,v2364936,4.2.27.1.1,17.9,Unknown,1
2023,Nova Scotia,2021A000212,Employment,Other services (except public administration) [81],Total - Gender,15 years and over,Persons in thousands,428,thousands,3,v2364936,4.2.27.1.1,21.1,Unknown,1
2024,Nova Scotia,2021A000212,Employment,Other services (except public administration) [81],Total - Gender,15 years and over,Persons in thousands,428,thousands,3,v2364936,4.2.27.1.1,21.7,Unknown,1
2020,Nova Scotia,2021A000212,Employment,Public administration [91],Total - Gender,15 years and over,Persons in thousands,428,thousands,3,v2364937,4.2.28.1.1,29.3,Unknown,1
2021,Nova Scotia,2021A000212,Employment,Public administration [91],Total - Gender,15 years and over,Persons in thousands,428,thousands,3,v2364937,4.2.28.1.1,30.5,Unknown,1
2022,Nova Scotia,2021A000212,Employment,Public administration [91],Total - Gender,15 years and over,Persons in thousands,428,thousands,3,v2364937,4.2.28.1.1,31.6,Unknown,1
2023,Nova Scotia,2021A000212,Employment,Public administration [91],Total - Gender,15 years and over,Persons in thousands,428,thousands,3,v2364937,4.2.28.1.1,33.6,Unknown,1
2024,Nova Scotia,2021A000212,Employment,Public administration [91],Total - Gender,15 years and over,Persons in thousands,428,thousands,3,v2364937,4.2.28.1.1,38.5,Unknown,1
2021,New Brunswick,2021A000213,Employment,"Total, all industries",Total - Gender,15 years and over,Persons in thousands,428,thousands,3,v2365422,5.2.1.1.1,364.6,Unknown,1
2022,New Brunswick,2021A000213,Employment,"Total, all industries",Total - Gender,15 years and over,Persons in thousands,428,thousands,3,v2365422,5.2.1.1.1,375.6,Unknown,1
2023,New Brunswick,2021A000213,Employment,"Total, all industries",Total - Gender,15 years and over,Persons in thousands,428,thousands,3,v2365422,5.2.1.1.1,388.6,Unknown,1
2024,New Brunswick,2021A000213,Employment,"Total, all industries",Total - Gender,15 years and over,Persons in thousands,428,thousands,3,v2365422,5.2.1.1.1,400.0,Unknown,1
2020,New Brunswick,2021A000213,Employment,Goods-producing sector,Total - Gender,15 years and over,Persons in thousands,428,thousands,3,v2365423,5.2.2.1.1,73.5,Unknown,1
2021,New Brunswick,2021A000213,Employment,Goods-producing sector,Total - Gender,15 years and over,Persons in thousands,428,thousands,3,v2365423,5.2.2.1.1,72.1,Unknown,1
2022,New Brunswick,2021A000213,Employment,Goods-producing sector,Total - Gender,15 years and over,Persons in thousands,428,thousands,3,v2365423,5.2.2.1.1,75.8,Unknown,1
2023,New Brunswick,2021A000213,Employment,Goods-producing sector,Total - Gender,15 years and over,Persons in thousands,428,thousands,3,v2365423,5.2.2.1.1,77.1,Unknown,1
2024,New Brunswick,2021A000213,Employment,Goods-producing sector,Total - Gender,15 years and over,Persons in thousands,428,thousands,3,v2365423,5.2.2.1.1,81.0,Unknown,1
2020,New Brunswick,2021A000213,Employment,"Agriculture [111-112, 1100, 1151-1152]",Total - Gender,15 years and over,Persons in thousands,428,thousands,3,v2365424,5.2.3.1.1,4.9,Unknown,1
2021,New Brunswick,2021A000213,Employment,"Agriculture [111-112, 1100, 1151-1152]",Total - Gender,15 years and over,Persons in thousands,428,thousands,3,v2365424,5.2.3.1.1,5.5,Unknown,1
2022,New Brunswick,2021A000213,Employment,"Agriculture [111-112, 1100, 1151-1152]",Total - Gender,15 years and over,Persons in thousands,428,thousands,3,v2365424,5.2.3.1.1,6.2,Unknown,1
2023,New Brunswick,2021A000213,Employment,"Agriculture [111-112, 1100, 1151-1152]",Total - Gender,15 years and over,Persons in thousands,428,thousands,3,v2365424,5.2.3.1.1,5.5,Unknown,1
2024,New Brunswick,2021A000213,Employment,"Agriculture [111-112, 1100, 1151-1152]",Total - Gender,15 years and over,Persons in thousands,428,thousands,3,v2365424,5.2.3.1.1,6.2,Unknown,1
2020,New Brunswick,2021A000213,Employment,"Forestry, fishing, mining, quarrying, oil and gas [21, 113-114, 1153, 2100]",Total - Gender,15 years and over,Persons in thousands,428,thousands,3,v2365425,5.2.4.1.1,10.1,Unknown,1
2021,New Brunswick,2021A000213,Employment,"Forestry, fishing, mining, quarrying, oil and gas [21, 113-114, 1153, 2100]",Total - Gender,15 years and over,Persons in thousands,428,thousands,3,v2365425,5.2.4.1.1,9.4,Unknown,1
2022,New Brunswick,2021A000213,Employment,"Forestry, fishing, mining, quarrying, oil and gas [21, 113-114, 1153, 2100]",Total - Gender,15 years and over,Persons in thousands,428,thousands,3,v2365425,5.2.4.1.1,8.2,Unknown,1
2023,New Brunswick,2021A000213,Employment,"Forestry, fishing, mining, quarrying, oil and gas [21, 113-114, 1153, 2100]",Total - Gender,15 years and over,Persons in thousands,428,thousands,3,v2365425,5.2.4.1.1,7.7,Unknown,1
2024,New Brunswick,2021A000213,Employment,"Forestry, fishing, mining, quarrying, oil and gas [21, 113-114, 1153, 2100]",Total - Gender,15 years and over,Persons in thousands,428,thousands,3,v2365425,5.2.4.1.1,7.9,Unknown,1
2020,New Brunswick,2021A000213,Employment,"Forestry and logging and support activities for forestry [113, 1153]",Total - Gender,15 years and over,Persons in thousands,428,thousands,3,v2365426,5.2.5.1.1,4.5,Unknown,1
2021,New Brunswick,2021A000213,Employment,"Forestry and logging and support activities for forestry [113, 1153]",Total - Gender,15 years and over,Persons in thousands,428,thousands,3,v2365426,5.2.5.1.1,3.6,Unknown,1
2022,New Brunswick,2021A000213,Employment,"Forestry and logging and support activities for forestry [113, 1153]",Total - Gender,15 years and over,Persons in thousands,428,thousands,3,v2365426,5.2.5.1.1,2.6,Unknown,1
2023,New Brunswick,2021A000213,Employment,"Forestry and logging and support activities for forestry [113, 1153]",Total - Gender,15 years and over,Persons in thousands,428,thousands,3,v2365426,5.2.5.1.1,2.6,Unknown,1
2024,New Brunswick,2021A000213,Employment,"Forestry and logging and support activities for forestry [113, 1153]",Total - Gender,15 years and over,Persons in thousands,428,thousands,3,v2365426,5.2.5.1.1,3.2,Unknown,1
2020,New Brunswick,2021A000213,Employment,"Fishing, hunting and trapping [114]",Total - Gender,15 years and over,Persons in thousands,428,thousands,3,v2365427,5.2.6.1.1,2.5,Unknown,1
2021,New Brunswick,2021A000213,Employment,"Fishing, hunting and trapping [114]",Total - Gender,15 years and over,Persons in thousands,428,thousands,3,v2365427,5.2.6.1.1,2.6,Unknown,1
2022,New Brunswick,2021A000213,Employment,"Fishing, hunting and trapping [114]",Total - Gender,15 years and over,Persons in thousands,428,thousands,3,v2365427,5.2.6.1.1,2.3,Unknown,1
2023,New Brunswick,2021A000213,Employment,"Fishing, hunting and trapping [114]",Total - Gender,15 years and over,Persons in thousands,428,thousands,3,v2365427,5.2.6.1.1,2.3,Unknown,1
2024,New Brunswick,2021A000213,Employment,"Fishing, hunting and trapping [114]",Total - Gender,15 years and over,Persons in thousands,428,thousands,3,v2365427,5.2.6.1.1,1.1,Unknown,1
2020,New Brunswick,2021A000213,Employment,"Mining, quarrying, and oil and gas extraction [21, 2100]",Total - Gender,15 years and over,Persons in thousands,428,thousands,3,v2365428,5.2.7.1.1,3.1,Unknown,1
2021,New Brunswick,2021A000213,Employment,"Mining, quarrying, and oil and gas extraction [21, 2100]",Total - Gender,15 years and over,Persons in thousands,428,thousands,3,v2365428,5.2.7.1.1,3.2,Unknown,1
2022,New Brunswick,2021A000213,Employment,"Mining, quarrying, and oil and gas extraction [21, 2100]",Total - Gender,15 years and over,Persons in thousands,428,thousands,3,v2365428,5.2.7.1.1,3.3,Unknown,1
2023,New Brunswick,2021A000213,Employment,"Mining, quarrying, and oil and gas extraction [21, 2100]",Total - Gender,15 years and over,Persons in thousands,428,thousands,3,v2365428,5.2.7.1.1,2.8,Unknown,1
2024,New Brunswick,2021A000213,Employment,"Mining, quarrying, and oil and gas extraction [21, 2100]",Total - Gender,15 years and over,Persons in thousands,428,thousands,3,v2365428,5.2.7.1.1,3.6,Unknown,1
2020,New Brunswick,2021A000213,Employment,Utilities [22],Total - Gender,15 years and over,Persons in thousands,428,thousands,3,v2365429,5.2.8.1.1,3.1,Unknown,1
2021,New Brunswick,2021A000213,Employment,Utilities [22],Total - Gender,15 years and over,Persons in thousands,428,thousands,3,v2365429,5.2.8.1.1,3.5,Unknown,1
2022,New Brunswick,2021A000213,Employment,Utilities [22],Total - Gender,15 years and over,Persons in thousands,428,thousands,3,v2365429,5.2.8.1.1,4.1,Unknown,1
2023,New Brunswick,2021A000213,Employment,Utilities [22],Total - Gender,15 years and over,Persons in thousands,428,thousands,3,v2365429,5.2.8.1.1,4.8,Unknown,1
2024,New Brunswick,2021A000213,Employment,Utilities [22],Total - Gender,15 years and over,Persons in thousands,428,thousands,3,v2365429,5.2.8.1.1,5.4,Unknown,1
2020,New Brunswick,2021A000213,Employment,Construction [23],Total - Gender,15 years and over,Persons in thousands,428,thousands,3,v2365430,5.2.9.1.1,24.9,Unknown,1
2021,New Brunswick,2021A000213,Employment,Construction [23],Total - Gender,15 years and over,Persons in thousands,428,thousands,3,v2365430,5.2.9.1.1,23.6,Unknown,1
2022,New Brunswick,2021A000213,Employment,Construction [23],Total - Gender,15 years and over,Persons in thousands,428,thousands,3,v2365430,5.2.9.1.1,29.1,Unknown,1
2023,New Brunswick,2021A000213,Employment,Construction [23],Total - Gender,15 years and over,Persons in thousands,428,thousands,3,v2365430,5.2.9.1.1,30.7,Unknown,1
2024,New Brunswick,2021A000213,Employment,Construction [23],Total - Gender,15 years and over,Persons in thousands,428,thousands,3,v2365430,5.2.9.1.1,33.8,Unknown,1
2020,New Brunswick,2021A000213,Employment,Manufacturing [31-33],Total - Gender,15 years and over,Persons in thousands,428,thousands,3,v2365431,5.2.10.1.1,30.5,Unknown,1
2021,New Brunswick,2021A000213,Employment,Manufacturing [31-33],Total - Gender,15 years and over,Persons in thousands,428,thousands,3,v2365431,5.2.10.1.1,30.1,Unknown,1
2022,New Brunswick,2021A000213,Employment,Manufacturing [31-33],Total - Gender,15 years and over,Persons in thousands,428,thousands,3,v2365431,5.2.10.1.1,28.2,Unknown,1
2023,New Brunswick,2021A000213,Employment,Manufacturing [31-33],Total - Gender,15 years and over,Persons in thousands,428,thousands,3,v2365431,5.2.10.1.1,28.4,Unknown,1
2024,New Brunswick,2021A000213,Employment,Manufacturing [31-33],Total - Gender,15 years and over,Persons in thousands,428,thousands,3,v2365431,5.2.10.1.1,27.7,Unknown,1
2020,New Brunswick,2021A000213,Employment,"Durables [321, 327, 331-339]",Total - Gender,15 years and over,Persons in thousands,428,thousands,3,v2365432,5.2.11.1.1,13.9,Unknown,1
2021,New Brunswick,2021A000213,Employment,"Durables [321, 327, 331-339]",Total - Gender,15 years and over,Persons in thousands,428,thousands,3,v2365432,5.2.11.1.1,13.4,Unknown,1
2022,New Brunswick,2021A000213,Employment,"Durables [321, 327, 331-339]",Total - Gender,15 years and over,Persons in thousands,428,thousands,3,v2365432,5.2.11.1.1,13.0,Unknown,1
2023,New Brunswick,2021A000213,Employment,"Durables [321, 327, 331-339]",Total - Gender,15 years and over,Persons in thousands,428,thousands,3,v2365432,5.2.11.1.1,14.9,Unknown,1
2024,New Brunswick,2021A000213,Employment,"Durables [321, 327, 331-339]",Total - Gender,15 years and over,Persons in thousands,428,thousands,3,v2365432,5.2.11.1.1,12.7,Unknown,1
2020,New Brunswick,2021A000213,Employment,"Non-durables [311-316, 322-326]",Total - Gender,15 years and over,Persons in thousands,428,thousands,3,v2365433,5.2.12.1.1,16.6,Unknown,1
2021,New Brunswick,2021A000213,Employment,"Non-durables [311-316, 322-326]",Total - Gender,15 years and over,Persons in thousands,428,thousands,3,v2365433,5.2.12.1.1,16.7,Unknown,1
2022,New Brunswick,2021A000213,Employment,"Non-durables [311-316, 322-326]",Total - Gender,15 years and over,Persons in thousands,428,thousands,3,v2365433,5.2.12.1.1,15.2,Unknown,1
2023,New Brunswick,2021A000213,Employment,"Non-durables [311-316, 322-326]",Total - Gender,15 years and over,Persons in thousands,428,thousands,3,v2365433,5.2.12.1.1,13.5,Unknown,1
2024,New Brunswick,2021A000213,Employment,"Non-durables [311-316, 322-326]",Total - Gender,15 years and over,Persons in thousands,428,thousands,3,v2365433,5.2.12.1.1,15.0,Unknown,1
2020,New Brunswick,2021A000213,Employment,Services-producing sector,Total - Gender,15 years and over,Persons in thousands,428,thousands,3,v2365449,5.2.13.1.1,278.0,Unknown,1
2021,New Brunswick,2021A000213,Employment,Services-producing sector,Total - Gender,15 years and over,Persons in thousands,428,thousands,3,v2365449,5.2.13.1.1,292.6,Unknown,1
2022,New Brunswick,2021A000213,Employment,Services-producing sector,Total - Gender,15 years and over,Persons in thousands,428,thousands,3,v2365449,5.2.13.1.1,299.8,Unknown,1
2023,New Brunswick,2021A000213,Employment,Services-producing sector,Total - Gender,15 years and over,Persons in thousands,428,thousands,3,v2365449,5.2.13.1.1,311.5,Unknown,1
2024,New Brunswick,2021A000213,Employment,Services-producing sector,Total - Gender,15 years and over,Persons in thousands,428,thousands,3,v2365449,5.2.13.1.1,319.0,Unknown,1
2020,New Brunswick,2021A000213,Employment,"Wholesale and retail trade [41, 44-45]",Total - Gender,15 years and over,Persons in thousands,428,thousands,3,v2365448,5.2.14.1.1,54.8,Unknown,1
2021,New Brunswick,2021A000213,Employment,"Wholesale and retail trade [41, 44-45]",Total - Gender,15 years and over,Persons in thousands,428,thousands,3,v2365448,5.2.14.1.1,57.7,Unknown,1
2022,New Brunswick,2021A000213,Employment,"Wholesale and retail trade [41, 44-45]",Total - Gender,15 years and over,Persons in thousands,428,thousands,3,v2365448,5.2.14.1.1,59.9,Unknown,1
2023,New Brunswick,2021A000213,Employment,"Wholesale and retail trade [41, 44-45]",Total - Gender,15 years and over,Persons in thousands,428,thousands,3,v2365448,5.2.14.1.1,58.5,Unknown,1
2024,New Brunswick,2021A000213,Employment,"Wholesale and retail trade [41, 44-45]",Total - Gender,15 years and over,Persons in thousands,428,thousands,3,v2365448,5.2.14.1.1,57.4,Unknown,1
2020,New Brunswick,2021A000213,Employment,Wholesale trade [41],Total - Gender,15 years and over,Persons in thousands,428,thousands,3,v2365434,5.2.15.1.1,10.1,Unknown,1
2021,New Brunswick,2021A000213,Employment,Wholesale trade [41],Total - Gender,15 years and over,Persons in thousands,428,thousands,3,v2365434,5.2.15.1.1,10.4,Unknown,1
2022,New Brunswick,2021A000213,Employment,Wholesale trade [41],Total - Gender,15 years and over,Persons in thousands,428,thousands,3,v2365434,5.2.15.1.1,9.6,Unknown,1
2023,New Brunswick,2021A000213,Employment,Wholesale trade [41],Total - Gender,15 years and over,Persons in thousands,428,thousands,3,v2365434,5.2.15.1.1,11.0,Unknown,1
2024,New Brunswick,2021A000213,Employment,Wholesale trade [41],Total - Gender,15 years and over,Persons in thousands,428,thousands,3,v2365434,5.2.15.1.1,10.2,Unknown,1
2020,New Brunswick,2021A000213,Employment,Retail trade [44-45],Total - Gender,15 years and over,Persons in thousands,428,thousands,3,v2365435,5.2.16.1.1,44.6,Unknown,1
2021,New Brunswick,2021A000213,Employment,Retail trade [44-45],Total - Gender,15 years and over,Persons in thousands,428,thousands,3,v2365435,5.2.16.1.1,47.3,Unknown,1
2022,New Brunswick,2021A000213,Employment,Retail trade [44-45],Total - Gender,15 years and over,Persons in thousands,428,thousands,3,v2365435,5.2.16.1.1,50.3,Unknown,1
2023,New Brunswick,2021A000213,Employment,Retail trade [44-45],Total - Gender,15 years and over,Persons in thousands,428,thousands,3,v2365435,5.2.16.1.1,47.5,Unknown,1
2024,New Brunswick,2021A000213,Employment,Retail trade [44-45],Total - Gender,15 years and over,Persons in thousands,428,thousands,3,v2365435,5.2.16.1.1,47.2,Unknown,1
2020,New Brunswick,2021A000213,Employment,Transportation and warehousing [48-49],Total - Gender,15 years and over,Persons in thousands,428,thousands,3,v2365436,5.2.17.1.1,16.9,Unknown,1
2021,New Brunswick,2021A000213,Employment,Transportation and warehousing [48-49],Total - Gender,15 years and over,Persons in thousands,428,thousands,3,v2365436,5.2.17.1.1,19.7,Unknown,1
2022,New Brunswick,2021A000213,Employment,Transportation and warehousing [48-49],Total - Gender,15 years and over,Persons in thousands,428,thousands,3,v2365436,5.2.17.1.1,18.6,Unknown,1
2023,New Brunswick,2021A000213,Employment,Transportation and warehousing [48-49],Total - Gender,15 years and over,Persons in thousands,428,thousands,3,v2365436,5.2.17.1.1,19.0,Unknown,1
2024,New Brunswick,2021A000213,Employment,Transportation and warehousing [48-49],Total - Gender,15 years and over,Persons in thousands,428,thousands,3,v2365436,5.2.17.1.1,21.6,Unknown,1
2020,New Brunswick,2021A000213,Employment,"Finance, insurance, real estate, rental and leasing [52, 53]",Total - Gender,15 years and over,Persons in thousands,428,thousands,3,v2365437,5.2.18.1.1,17.5,Unknown,1
2021,New Brunswick,2021A000213,Employment,"Finance, insurance, real estate, rental and leasing [52, 53]",Total - Gender,15 years and over,Persons in thousands,428,thousands,3,v2365437,5.2.18.1.1,19.3,Unknown,1
2022,New Brunswick,2021A000213,Employment,"Finance, insurance, real estate, rental and leasing [52, 53]",Total - Gender,15 years and over,Persons in thousands,428,thousands,3,v2365437,5.2.18.1.1,18.8,Unknown,1
2023,New Brunswick,2021A000213,Employment,"Finance, insurance, real estate, rental and leasing [52, 53]",Total - Gender,15 years and over,Persons in thousands,428,thousands,3,v2365437,5.2.18.1.1,20.1,Unknown,1
2024,New Brunswick,2021A000213,Employment,"Finance, insurance, real estate, rental and leasing [52, 53]",Total - Gender,15 years and over,Persons in thousands,428,thousands,3,v2365437,5.2.18.1.1,20.3,Unknown,1
2020,New Brunswick,2021A000213,Employment,Finance and insurance [52],Total - Gender,15 years and over,Persons in thousands,428,thousands,3,v2365438,5.2.19.1.1,13.4,Unknown,1
2021,New Brunswick,2021A000213,Employment,Finance and insurance [52],Total - Gender,15 years and over,Persons in thousands,428,thousands,3,v2365438,5.2.19.1.1,14.6,Unknown,1
2022,New Brunswick,2021A000213,Employment,Finance and insurance [52],Total - Gender,15 years and over,Persons in thousands,428,thousands,3,v2365438,5.2.19.1.1,15.2,Unknown,1
2023,New Brunswick,2021A000213,Employment,Finance and insurance [52],Total - Gender,15 years and over,Persons in thousands,428,thousands,3,v2365438,5.2.19.1.1,15.6,Unknown,1
2024,New Brunswick,2021A000213,Employment,Finance and insurance [52],Total - Gender,15 years and over,Persons in thousands,428,thousands,3,v2365438,5.2.19.1.1,15.4,Unknown,1
2020,New Brunswick,2021A000213,Employment,Real estate and rental and leasing [53],Total - Gender,15 years and over,Persons in thousands,428,thousands,3,v2365439,5.2.20.1.1,4.1,Unknown,1
2021,New Brunswick,2021A000213,Employment,Real estate and rental and leasing [53],Total - Gender,15 years and over,Persons in thousands,428,thousands,3,v2365439,5.2.20.1.1,4.8,Unknown,1
2022,New Brunswick,2021A000213,Employment,Real estate and rental and leasing [53],Total - Gender,15 years and over,Persons in thousands,428,thousands,3,v2365439,5.2.20.1.1,3.6,Unknown,1
2023,New Brunswick,2021A000213,Employment,Real estate and rental and leasing [53],Total - Gender,15 years and over,Persons in thousands,428,thousands,3,v2365439,5.2.20.1.1,4.5,Unknown,1
2024,New Brunswick,2021A000213,Employment,Real estate and rental and leasing [53],Total - Gender,15 years and over,Persons in thousands,428,thousands,3,v2365439,5.2.20.1.1,4.9,Unknown,1
2020,New Brunswick,2021A000213,Employment,"Professional, scientific and technical services [54]",Total - Gender,15 years and over,Persons in thousands,428,thousands,3,v2365440,5.2.21.1.1,17.3,Unknown,1
2021,New Brunswick,2021A000213,Employment,"Professional, scientific and technical services [54]",Total - Gender,15 years and over,Persons in thousands,428,thousands,3,v2365440,5.2.21.1.1,18.3,Unknown,1
2022,New Brunswick,2021A000213,Employment,"Professional, scientific and technical services [54]",Total - Gender,15 years and over,Persons in thousands,428,thousands,3,v2365440,5.2.21.1.1,21.7,Unknown,1
2023,New Brunswick,2021A000213,Employment,"Professional, scientific and technical services [54]",Total - Gender,15 years and over,Persons in thousands,428,thousands,3,v2365440,5.2.21.1.1,23.3,Unknown,1
2024,New Brunswick,2021A000213,Employment,"Professional, scientific and technical services [54]",Total - Gender,15 years and over,Persons in thousands,428,thousands,3,v2365440,5.2.21.1.1,24.7,Unknown,1
2020,New Brunswick,2021A000213,Employment,"Business, building and other support services [55, 56]",Total - Gender,15 years and over,Persons in thousands,428,thousands,3,v2365441,5.2.22.1.1,15.3,Unknown,1
2021,New Brunswick,2021A000213,Employment,"Business, building and other support services [55, 56]",Total - Gender,15 years and over,Persons in thousands,428,thousands,3,v2365441,5.2.22.1.1,15.0,Unknown,1
2022,New Brunswick,2021A000213,Employment,"Business, building and other support services [55, 56]",Total - Gender,15 years and over,Persons in thousands,428,thousands,3,v2365441,5.2.22.1.1,13.3,Unknown,1
2023,New Brunswick,2021A000213,Employment,"Business, building and other support services [55, 56]",Total - Gender,15 years and over,Persons in thousands,428,thousands,3,v2365441,5.2.22.1.1,11.9,Unknown,1
2024,New Brunswick,2021A000213,Employment,"Business, building and other support services [55, 56]",Total - Gender,15 years and over,Persons in thousands,428,thousands,3,v2365441,5.2.22.1.1,12.5,Unknown,1
2020,New Brunswick,2021A000213,Employment,Educational services [61],Total - Gender,15 years and over,Persons in thousands,428,thousands,3,v2365442,5.2.23.1.1,27.6,Unknown,1
2021,New Brunswick,2021A000213,Employment,Educational services [61],Total - Gender,15 years and over,Persons in thousands,428,thousands,3,v2365442,5.2.23.1.1,28.8,Unknown,1
2022,New Brunswick,2021A000213,Employment,Educational services [61],Total - Gender,15 years and over,Persons in thousands,428,thousands,3,v2365442,5.2.23.1.1,31.3,Unknown,1
2023,New Brunswick,2021A000213,Employment,Educational services [61],Total - Gender,15 years and over,Persons in thousands,428,thousands,3,v2365442,5.2.23.1.1,30.8,Unknown,1
2024,New Brunswick,2021A000213,Employment,Educational services [61],Total - Gender,15 years and over,Persons in thousands,428,thousands,3,v2365442,5.2.23.1.1,30.9,Unknown,1
2020,New Brunswick,2021A000213,Employment,Health care and social assistance [62],Total - Gender,15 years and over,Persons in thousands,428,thousands,3,v2365443,5.2.24.1.1,57.1,Unknown,1
2021,New Brunswick,2021A000213,Employment,Health care and social assistance [62],Total - Gender,15 years and over,Persons in thousands,428,thousands,3,v2365443,5.2.24.1.1,57.2,Unknown,1
2022,New Brunswick,2021A000213,Employment,Health care and social assistance [62],Total - Gender,15 years and over,Persons in thousands,428,thousands,3,v2365443,5.2.24.1.1,57.8,Unknown,1
2023,New Brunswick,2021A000213,Employment,Health care and social assistance [62],Total - Gender,15 years and over,Persons in thousands,428,thousands,3,v2365443,5.2.24.1.1,62.9,Unknown,1
2024,New Brunswick,2021A000213,Employment,Health care and social assistance [62],Total - Gender,15 years and over,Persons in thousands,428,thousands,3,v2365443,5.2.24.1.1,63.9,Unknown,1
2020,New Brunswick,2021A000213,Employment,"Information, culture and recreation [51, 71]",Total - Gender,15 years and over,Persons in thousands,428,thousands,3,v2365444,5.2.25.1.1,10.6,Unknown,1
2021,New Brunswick,2021A000213,Employment,"Information, culture and recreation [51, 71]",Total - Gender,15 years and over,Persons in thousands,428,thousands,3,v2365444,5.2.25.1.1,9.8,Unknown,1
2022,New Brunswick,2021A000213,Employment,"Information, culture and recreation [51, 71]",Total - Gender,15 years and over,Persons in thousands,428,thousands,3,v2365444,5.2.25.1.1,10.2,Unknown,1
2023,New Brunswick,2021A000213,Employment,"Information, culture and recreation [51, 71]",Total - Gender,15 years and over,Persons in thousands,428,thousands,3,v2365444,5.2.25.1.1,11.6,Unknown,1
2024,New Brunswick,2021A000213,Employment,"Information, culture and recreation [51, 71]",Total - Gender,15 years and over,Persons in thousands,428,thousands,3,v2365444,5.2.25.1.1,12.1,Unknown,1
2020,New Brunswick,2021A000213,Employment,Accommodation and food services [72],Total - Gender,15 years and over,Persons in thousands,428,thousands,3,v2365445,5.2.26.1.1,20.1,Unknown,1
2021,New Brunswick,2021A000213,Employment,Accommodation and food services [72],Total - Gender,15 years and over,Persons in thousands,428,thousands,3,v2365445,5.2.26.1.1,20.6,Unknown,1
2022,New Brunswick,2021A000213,Employment,Accommodation and food services [72],Total - Gender,15 years and over,Persons in thousands,428,thousands,3,v2365445,5.2.26.1.1,19.7,Unknown,1
2023,New Brunswick,2021A000213,Employment,Accommodation and food services [72],Total - Gender,15 years and over,Persons in thousands,428,thousands,3,v2365445,5.2.26.1.1,21.3,Unknown,1
2024,New Brunswick,2021A000213,Employment,Accommodation and food services [72],Total - Gender,15 years and over,Persons in thousands,428,thousands,3,v2365445,5.2.26.1.1,22.3,Unknown,1
2020,New Brunswick,2021A000213,Employment,Other services (except public administration) [81],Total - Gender,15 years and over,Persons in thousands,428,thousands,3,v2365446,5.2.27.1.1,14.1,Unknown,1
2021,New Brunswick,2021A000213,Employment,Other services (except public administration) [81],Total - Gender,15 years and over,Persons in thousands,428,thousands,3,v2365446,5.2.27.1.1,15.9,Unknown,1
2022,New Brunswick,2021A000213,Employment,Other services (except public administration) [81],Total - Gender,15 years and over,Persons in thousands,428,thousands,3,v2365446,5.2.27.1.1,15.7,Unknown,1
2023,New Brunswick,2021A000213,Employment,Other services (except public administration) [81],Total - Gender,15 years and over,Persons in thousands,428,thousands,3,v2365446,5.2.27.1.1,16.2,Unknown,1
2024,New Brunswick,2021A000213,Employment,Other services (except public administration) [81],Total - Gender,15 years and over,Persons in thousands,428,thousands,3,v2365446,5.2.27.1.1,16.5,Unknown,1
2020,New Brunswick,2021A000213,Employment,Public administration [91],Total - Gender,15 years and over,Persons in thousands,428,thousands,3,v2365447,5.2.28.1.1,26.8,Unknown,1
2021,New Brunswick,2021A000213,Employment,Public administration [91],Total - Gender,15 years and over,Persons in thousands,428,thousands,3,v2365447,5.2.28.1.1,30.4,Unknown,1
2022,New Brunswick,2021A000213,Employment,Public administration [91],Total - Gender,15 years and over,Persons in thousands,428,thousands,3,v2365447,5.2.28.1.1,32.6,Unknown,1
2023,New Brunswick,2021A000213,Employment,Public administration [91],Total - Gender,15 years and over,Persons in thousands,428,thousands,3,v2365447,5.2.28.1.1,35.8,Unknown,1
2024,New Brunswick,2021A000213,Employment,Public administration [91],Total - Gender,15 years and over,Persons in thousands,428,thousands,3,v2365447,5.2.28.1.1,36.9,Unknown,1
2021,Quebec,2021A000224,Employment,"Total, all industries",Total - Gender,15 years and over,Persons in thousands,428,thousands,3,v2365932,6.2.1.1.1,4261.8,Unknown,1
2022,Quebec,2021A000224,Employment,"Total, all industries",Total - Gender,15 years and over,Persons in thousands,428,thousands,3,v2365932,6.2.1.1.1,4392.0,Unknown,1
2023,Quebec,2021A000224,Employment,"Total, all industries",Total - Gender,15 years and over,Persons in thousands,428,thousands,3,v2365932,6.2.1.1.1,4522.8,Unknown,1
2024,Quebec,2021A000224,Employment,"Total, all industries",Total - Gender,15 years and over,Persons in thousands,428,thousands,3,v2365932,6.2.1.1.1,4566.0,Unknown,1
2020,Quebec,2021A000224,Employment,Goods-producing sector,Total - Gender,15 years and over,Persons in thousands,428,thousands,3,v2365933,6.2.2.1.1,852.9,Unknown,1
2021,Quebec,2021A000224,Employment,Goods-producing sector,Total - Gender,15 years and over,Persons in thousands,428,thousands,3,v2365933,6.2.2.1.1,896.8,Unknown,1
2022,Quebec,2021A000224,Employment,Goods-producing sector,Total - Gender,15 years and over,Persons in thousands,428,thousands,3,v2365933,6.2.2.1.1,926.9,Unknown,1
2023,Quebec,2021A000224,Employment,Goods-producing sector,Total - Gender,15 years and over,Persons in thousands,428,thousands,3,v2365933,6.2.2.1.1,948.9,Unknown,1
2024,Quebec,2021A000224,Employment,Goods-producing sector,Total - Gender,15 years and over,Persons in thousands,428,thousands,3,v2365933,6.2.2.1.1,951.4,Unknown,1
2020,Quebec,2021A000224,Employment,"Agriculture [111-112, 1100, 1151-1152]",Total - Gender,15 years and over,Persons in thousands,428,thousands,3,v2365934,6.2.3.1.1,54.7,Unknown,1
2021,Quebec,2021A000224,Employment,"Agriculture [111-112, 1100, 1151-1152]",Total - Gender,15 years and over,Persons in thousands,428,thousands,3,v2365934,6.2.3.1.1,58.2,Unknown,1
2022,Quebec,2021A000224,Employment,"Agriculture [111-112, 1100, 1151-1152]",Total - Gender,15 years and over,Persons in thousands,428,thousands,3,v2365934,6.2.3.1.1,57.8,Unknown,1
2023,Quebec,2021A000224,Employment,"Agriculture [111-112, 1100, 1151-1152]",Total - Gender,15 years and over,Persons in thousands,428,thousands,3,v2365934,6.2.3.1.1,53.0,Unknown,1
2024,Quebec,2021A000224,Employment,"Agriculture [111-112, 1100, 1151-1152]",Total - Gender,15 years and over,Persons in thousands,428,thousands,3,v2365934,6.2.3.1.1,51.6,Unknown,1
2020,Quebec,2021A000224,Employment,"Forestry, fishing, mining, quarrying, oil and gas [21, 113-114, 1153, 2100]",Total - Gender,15 years and over,Persons in thousands,428,thousands,3,v2365935,6.2.4.1.1,37.9,Unknown,1
2021,Quebec,2021A000224,Employment,"Forestry, fishing, mining, quarrying, oil and gas [21, 113-114, 1153, 2100]",Total - Gender,15 years and over,Persons in thousands,428,thousands,3,v2365935,6.2.4.1.1,38.5,Unknown,1
2022,Quebec,2021A000224,Employment,"Forestry, fishing, mining, quarrying, oil and gas [21, 113-114, 1153, 2100]",Total - Gender,15 years and over,Persons in thousands,428,thousands,3,v2365935,6.2.4.1.1,45.2,Unknown,1
2023,Quebec,2021A000224,Employment,"Forestry, fishing, mining, quarrying, oil and gas [21, 113-114, 1153, 2100]",Total - Gender,15 years and over,Persons in thousands,428,thousands,3,v2365935,6.2.4.1.1,38.1,Unknown,1
2024,Quebec,2021A000224,Employment,"Forestry, fishing, mining, quarrying, oil and gas [21, 113-114, 1153, 2100]",Total - Gender,15 years and over,Persons in thousands,428,thousands,3,v2365935,6.2.4.1.1,37.4,Unknown,1
2020,Quebec,2021A000224,Employment,"Forestry and logging and support activities for forestry [113, 1153]",Total - Gender,15 years and over,Persons in thousands,428,thousands,3,v2365936,6.2.5.1.1,13.5,Unknown,1
2021,Quebec,2021A000224,Employment,"Forestry and logging and support activities for forestry [113, 1153]",Total - Gender,15 years and over,Persons in thousands,428,thousands,3,v2365936,6.2.5.1.1,14.5,Unknown,1
2022,Quebec,2021A000224,Employment,"Forestry and logging and support activities for forestry [113, 1153]",Total - Gender,15 years and over,Persons in thousands,428,thousands,3,v2365936,6.2.5.1.1,12.3,Unknown,1
2023,Quebec,2021A000224,Employment,"Forestry and logging and support activities for forestry [113, 1153]",Total - Gender,15 years and over,Persons in thousands,428,thousands,3,v2365936,6.2.5.1.1,9.9,Unknown,1
2024,Quebec,2021A000224,Employment,"Forestry and logging and support activities for forestry [113, 1153]",Total - Gender,15 years and over,Persons in thousands,428,thousands,3,v2365936,6.2.5.1.1,11.1,Unknown,1
2020,Quebec,2021A000224,Employment,"Fishing, hunting and trapping [114]",Total - Gender,15 years and over,Persons in thousands,428,thousands,3,v2365937,6.2.6.1.1,410.97272727272724,x,1
2021,Quebec,2021A000224,Employment,"Fishing, hunting and trapping [114]",Total - Gender,15 years and over,Persons in thousands,428,thousands,3,v2365937,6.2.6.1.1,410.97272727272724,x,1
2022,Quebec,2021A000224,Employment,"Fishing, hunting and trapping [114]",Total - Gender,15 years and over,Persons in thousands,428,thousands,3,v2365937,6.2.6.1.1,410.97272727272724,x,1
2023,Quebec,2021A000224,Employment,"Fishing, hunting and trapping [114]",Total - Gender,15 years and over,Persons in thousands,428,thousands,3,v2365937,6.2.6.1.1,1.8,Unknown,1
2024,Quebec,2021A000224,Employment,"Fishing, hunting and trapping [114]",Total - Gender,15 years and over,Persons in thousands,428,thousands,3,v2365937,6.2.6.1.1,410.97272727272724,x,1
2020,Quebec,2021A000224,Employment,"Mining, quarrying, and oil and gas extraction [21, 2100]",Total - Gender,15 years and over,Persons in thousands,428,thousands,3,v2365938,6.2.7.1.1,23.1,Unknown,1
2021,Quebec,2021A000224,Employment,"Mining, quarrying, and oil and gas extraction [21, 2100]",Total - Gender,15 years and over,Persons in thousands,428,thousands,3,v2365938,6.2.7.1.1,23.0,Unknown,1
2022,Quebec,2021A000224,Employment,"Mining, quarrying, and oil and gas extraction [21, 2100]",Total - Gender,15 years and over,Persons in thousands,428,thousands,3,v2365938,6.2.7.1.1,32.1,Unknown,1
2023,Quebec,2021A000224,Employment,"Mining, quarrying, and oil and gas extraction [21, 2100]",Total - Gender,15 years and over,Persons in thousands,428,thousands,3,v2365938,6.2.7.1.1,26.4,Unknown,1
2024,Quebec,2021A000224,Employment,"Mining, quarrying, and oil and gas extraction [21, 2100]",Total - Gender,15 years and over,Persons in thousands,428,thousands,3,v2365938,6.2.7.1.1,24.9,Unknown,1
2020,Quebec,2021A000224,Employment,Utilities [22],Total - Gender,15 years and over,Persons in thousands,428,thousands,3,v2365939,6.2.8.1.1,21.7,Unknown,1
2021,Quebec,2021A000224,Employment,Utilities [22],Total - Gender,15 years and over,Persons in thousands,428,thousands,3,v2365939,6.2.8.1.1,27.9,Unknown,1
2022,Quebec,2021A000224,Employment,Utilities [22],Total - Gender,15 years and over,Persons in thousands,428,thousands,3,v2365939,6.2.8.1.1,31.5,Unknown,1
2023,Quebec,2021A000224,Employment,Utilities [22],Total - Gender,15 years and over,Persons in thousands,428,thousands,3,v2365939,6.2.8.1.1,31.8,Unknown,1
2024,Quebec,2021A000224,Employment,Utilities [22],Total - Gender,15 years and over,Persons in thousands,428,thousands,3,v2365939,6.2.8.1.1,30.5,Unknown,1
2020,Quebec,2021A000224,Employment,Construction [23],Total - Gender,15 years and over,Persons in thousands,428,thousands,3,v2365940,6.2.9.1.1,264.9,Unknown,1
2021,Quebec,2021A000224,Employment,Construction [23],Total - Gender,15 years and over,Persons in thousands,428,thousands,3,v2365940,6.2.9.1.1,286.8,Unknown,1
2022,Quebec,2021A000224,Employment,Construction [23],Total - Gender,15 years and over,Persons in thousands,428,thousands,3,v2365940,6.2.9.1.1,296.4,Unknown,1
2023,Quebec,2021A000224,Employment,Construction [23],Total - Gender,15 years and over,Persons in thousands,428,thousands,3,v2365940,6.2.9.1.1,320.3,Unknown,1
2024,Quebec,2021A000224,Employment,Construction [23],Total - Gender,15 years and over,Persons in thousands,428,thousands,3,v2365940,6.2.9.1.1,330.3,Unknown,1
2020,Quebec,2021A000224,Employment,Manufacturing [31-33],Total - Gender,15 years and over,Persons in thousands,428,thousands,3,v2365941,6.2.10.1.1,473.7,Unknown,1
2021,Quebec,2021A000224,Employment,Manufacturing [31-33],Total - Gender,15 years and over,Persons in thousands,428,thousands,3,v2365941,6.2.10.1.1,485.4,Unknown,1
2022,Quebec,2021A000224,Employment,Manufacturing [31-33],Total - Gender,15 years and over,Persons in thousands,428,thousands,3,v2365941,6.2.10.1.1,496.0,Unknown,1
2023,Quebec,2021A000224,Employment,Manufacturing [31-33],Total - Gender,15 years and over,Persons in thousands,428,thousands,3,v2365941,6.2.10.1.1,505.7,Unknown,1
2024,Quebec,2021A000224,Employment,Manufacturing [31-33],Total - Gender,15 years and over,Persons in thousands,428,thousands,3,v2365941,6.2.10.1.1,501.5,Unknown,1
2020,Quebec,2021A000224,Employment,"Durables [321, 327, 331-339]",Total - Gender,15 years and over,Persons in thousands,428,thousands,3,v2365942,6.2.11.1.1,277.3,Unknown,1
2021,Quebec,2021A000224,Employment,"Durables [321, 327, 331-339]",Total - Gender,15 years and over,Persons in thousands,428,thousands,3,v2365942,6.2.11.1.1,284.5,Unknown,1
2022,Quebec,2021A000224,Employment,"Durables [321, 327, 331-339]",Total - Gender,15 years and over,Persons in thousands,428,thousands,3,v2365942,6.2.11.1.1,289.6,Unknown,1
2023,Quebec,2021A000224,Employment,"Durables [321, 327, 331-339]",Total - Gender,15 years and over,Persons in thousands,428,thousands,3,v2365942,6.2.11.1.1,302.8,Unknown,1
2024,Quebec,2021A000224,Employment,"Durables [321, 327, 331-339]",Total - Gender,15 years and over,Persons in thousands,428,thousands,3,v2365942,6.2.11.1.1,302.3,Unknown,1
2020,Quebec,2021A000224,Employment,"Non-durables [311-316, 322-326]",Total - Gender,15 years and over,Persons in thousands,428,thousands,3,v2365943,6.2.12.1.1,196.4,Unknown,1
2021,Quebec,2021A000224,Employment,"Non-durables [311-316, 322-326]",Total - Gender,15 years and over,Persons in thousands,428,thousands,3,v2365943,6.2.12.1.1,200.9,Unknown,1
2022,Quebec,2021A000224,Employment,"Non-durables [311-316, 322-326]",Total - Gender,15 years and over,Persons in thousands,428,thousands,3,v2365943,6.2.12.1.1,206.4,Unknown,1
2023,Quebec,2021A000224,Employment,"Non-durables [311-316, 322-326]",Total - Gender,15 years and over,Persons in thousands,428,thousands,3,v2365943,6.2.12.1.1,202.9,Unknown,1
2024,Quebec,2021A000224,Employment,"Non-durables [311-316, 322-326]",Total - Gender,15 years and over,Persons in thousands,428,thousands,3,v2365943,6.2.12.1.1,199.2,Unknown,1
2020,Quebec,2021A000224,Employment,Services-producing sector,Total - Gender,15 years and over,Persons in thousands,428,thousands,3,v2365959,6.2.13.1.1,3234.7,Unknown,1
2021,Quebec,2021A000224,Employment,Services-producing sector,Total - Gender,15 years and over,Persons in thousands,428,thousands,3,v2365959,6.2.13.1.1,3365.0,Unknown,1
2022,Quebec,2021A000224,Employment,Services-producing sector,Total - Gender,15 years and over,Persons in thousands,428,thousands,3,v2365959,6.2.13.1.1,3465.0,Unknown,1
2023,Quebec,2021A000224,Employment,Services-producing sector,Total - Gender,15 years and over,Persons in thousands,428,thousands,3,v2365959,6.2.13.1.1,3573.9,Unknown,1
2024,Quebec,2021A000224,Employment,Services-producing sector,Total - Gender,15 years and over,Persons in thousands,428,thousands,3,v2365959,6.2.13.1.1,3614.6,Unknown,1
2020,Quebec,2021A000224,Employment,"Wholesale and retail trade [41, 44-45]",Total - Gender,15 years and over,Persons in thousands,428,thousands,3,v2365958,6.2.14.1.1,652.2,Unknown,1
2021,Quebec,2021A000224,Employment,"Wholesale and retail trade [41, 44-45]",Total - Gender,15 years and over,Persons in thousands,428,thousands,3,v2365958,6.2.14.1.1,656.8,Unknown,1
2022,Quebec,2021A000224,Employment,"Wholesale and retail trade [41, 44-45]",Total - Gender,15 years and over,Persons in thousands,428,thousands,3,v2365958,6.2.14.1.1,661.1,Unknown,1
2023,Quebec,2021A000224,Employment,"Wholesale and retail trade [41, 44-45]",Total - Gender,15 years and over,Persons in thousands,428,thousands,3,v2365958,6.2.14.1.1,662.9,Unknown,1
2024,Quebec,2021A000224,Employment,"Wholesale and retail trade [41, 44-45]",Total - Gender,15 years and over,Persons in thousands,428,thousands,3,v2365958,6.2.14.1.1,645.4,Unknown,1
2020,Quebec,2021A000224,Employment,Wholesale trade [41],Total - Gender,15 years and over,Persons in thousands,428,thousands,3,v2365944,6.2.15.1.1,142.0,Unknown,1
2021,Quebec,2021A000224,Employment,Wholesale trade [41],Total - Gender,15 years and over,Persons in thousands,428,thousands,3,v2365944,6.2.15.1.1,152.9,Unknown,1
2022,Quebec,2021A000224,Employment,Wholesale trade [41],Total - Gender,15 years and over,Persons in thousands,428,thousands,3,v2365944,6.2.15.1.1,152.7,Unknown,1
2023,Quebec,2021A000224,Employment,Wholesale trade [41],Total - Gender,15 years and over,Persons in thousands,428,thousands,3,v2365944,6.2.15.1.1,142.1,Unknown,1
2024,Quebec,2021A000224,Employment,Wholesale trade [41],Total - Gender,15 years and over,Persons in thousands,428,thousands,3,v2365944,6.2.15.1.1,150.3,Unknown,1
2020,Quebec,2021A000224,Employment,Retail trade [44-45],Total - Gender,15 years and over,Persons in thousands,428,thousands,3,v2365945,6.2.16.1.1,510.2,Unknown,1
2021,Quebec,2021A000224,Employment,Retail trade [44-45],Total - Gender,15 years and over,Persons in thousands,428,thousands,3,v2365945,6.2.16.1.1,503.9,Unknown,1
2022,Quebec,2021A000224,Employment,Retail trade [44-45],Total - Gender,15 years and over,Persons in thousands,428,thousands,3,v2365945,6.2.16.1.1,508.4,Unknown,1
2023,Quebec,2021A000224,Employment,Retail trade [44-45],Total - Gender,15 years and over,Persons in thousands,428,thousands,3,v2365945,6.2.16.1.1,520.8,Unknown,1
2024,Quebec,2021A000224,Employment,Retail trade [44-45],Total - Gender,15 years and over,Persons in thousands,428,thousands,3,v2365945,6.2.16.1.1,495.1,Unknown,1
2020,Quebec,2021A000224,Employment,Transportation and warehousing [48-49],Total - Gender,15 years and over,Persons in thousands,428,thousands,3,v2365946,6.2.17.1.1,225.0,Unknown,1
2021,Quebec,2021A000224,Employment,Transportation and warehousing [48-49],Total - Gender,15 years and over,Persons in thousands,428,thousands,3,v2365946,6.2.17.1.1,222.0,Unknown,1
2022,Quebec,2021A000224,Employment,Transportation and warehousing [48-49],Total - Gender,15 years and over,Persons in thousands,428,thousands,3,v2365946,6.2.17.1.1,215.9,Unknown,1
2023,Quebec,2021A000224,Employment,Transportation and warehousing [48-49],Total - Gender,15 years and over,Persons in thousands,428,thousands,3,v2365946,6.2.17.1.1,217.2,Unknown,1
2024,Quebec,2021A000224,Employment,Transportation and warehousing [48-49],Total - Gender,15 years and over,Persons in thousands,428,thousands,3,v2365946,6.2.17.1.1,226.4,Unknown,1
2020,Quebec,2021A000224,Employment,"Finance, insurance, real estate, rental and leasing [52, 53]",Total - Gender,15 years and over,Persons in thousands,428,thousands,3,v2365947,6.2.18.1.1,241.4,Unknown,1
2021,Quebec,2021A000224,Employment,"Finance, insurance, real estate, rental and leasing [52, 53]",Total - Gender,15 years and over,Persons in thousands,428,thousands,3,v2365947,6.2.18.1.1,279.3,Unknown,1
2022,Quebec,2021A000224,Employment,"Finance, insurance, real estate, rental and leasing [52, 53]",Total - Gender,15 years and over,Persons in thousands,428,thousands,3,v2365947,6.2.18.1.1,274.3,Unknown,1
2023,Quebec,2021A000224,Employment,"Finance, insurance, real estate, rental and leasing [52, 53]",Total - Gender,15 years and over,Persons in thousands,428,thousands,3,v2365947,6.2.18.1.1,271.1,Unknown,1
2024,Quebec,2021A000224,Employment,"Finance, insurance, real estate, rental and leasing [52, 53]",Total - Gender,15 years and over,Persons in thousands,428,thousands,3,v2365947,6.2.18.1.1,266.4,Unknown,1
2020,Quebec,2021A000224,Employment,Finance and insurance [52],Total - Gender,15 years and over,Persons in thousands,428,thousands,3,v2365948,6.2.19.1.1,190.4,Unknown,1
2021,Quebec,2021A000224,Employment,Finance and insurance [52],Total - Gender,15 years and over,Persons in thousands,428,thousands,3,v2365948,6.2.19.1.1,216.5,Unknown,1
2022,Quebec,2021A000224,Employment,Finance and insurance [52],Total - Gender,15 years and over,Persons in thousands,428,thousands,3,v2365948,6.2.19.1.1,215.3,Unknown,1
2023,Quebec,2021A000224,Employment,Finance and insurance [52],Total - Gender,15 years and over,Persons in thousands,428,thousands,3,v2365948,6.2.19.1.1,210.3,Unknown,1
2024,Quebec,2021A000224,Employment,Finance and insurance [52],Total - Gender,15 years and over,Persons in thousands,428,thousands,3,v2365948,6.2.19.1.1,203.6,Unknown,1
2020,Quebec,2021A000224,Employment,Real estate and rental and leasing [53],Total - Gender,15 years and over,Persons in thousands,428,thousands,3,v2365949,6.2.20.1.1,50.9,Unknown,1
2021,Quebec,2021A000224,Employment,Real estate and rental and leasing [53],Total - Gender,15 years and over,Persons in thousands,428,thousands,3,v2365949,6.2.20.1.1,62.7,Unknown,1
2022,Quebec,2021A000224,Employment,Real estate and rental and leasing [53],Total - Gender,15 years and over,Persons in thousands,428,thousands,3,v2365949,6.2.20.1.1,59.0,Unknown,1
2023,Quebec,2021A000224,Employment,Real estate and rental and leasing [53],Total - Gender,15 years and over,Persons in thousands,428,thousands,3,v2365949,6.2.20.1.1,60.8,Unknown,1
2024,Quebec,2021A000224,Employment,Real estate and rental and leasing [53],Total - Gender,15 years and over,Persons in thousands,428,thousands,3,v2365949,6.2.20.1.1,62.8,Unknown,1
2020,Quebec,2021A000224,Employment,"Professional, scientific and technical services [54]",Total - Gender,15 years and over,Persons in thousands,428,thousands,3,v2365950,6.2.21.1.1,341.3,Unknown,1
2021,Quebec,2021A000224,Employment,"Professional, scientific and technical services [54]",Total - Gender,15 years and over,Persons in thousands,428,thousands,3,v2365950,6.2.21.1.1,361.0,Unknown,1
2022,Quebec,2021A000224,Employment,"Professional, scientific and technical services [54]",Total - Gender,15 years and over,Persons in thousands,428,thousands,3,v2365950,6.2.21.1.1,374.5,Unknown,1
2023,Quebec,2021A000224,Employment,"Professional, scientific and technical services [54]",Total - Gender,15 years and over,Persons in thousands,428,thousands,3,v2365950,6.2.21.1.1,378.7,Unknown,1
2024,Quebec,2021A000224,Employment,"Professional, scientific and technical services [54]",Total - Gender,15 years and over,Persons in thousands,428,thousands,3,v2365950,6.2.21.1.1,387.0,Unknown,1
2020,Quebec,2021A000224,Employment,"Business, building and other support services [55, 56]",Total - Gender,15 years and over,Persons in thousands,428,thousands,3,v2365951,6.2.22.1.1,158.0,Unknown,1
2021,Quebec,2021A000224,Employment,"Business, building and other support services [55, 56]",Total - Gender,15 years and over,Persons in thousands,428,thousands,3,v2365951,6.2.22.1.1,157.1,Unknown,1
2022,Quebec,2021A000224,Employment,"Business, building and other support services [55, 56]",Total - Gender,15 years and over,Persons in thousands,428,thousands,3,v2365951,6.2.22.1.1,170.1,Unknown,1
2023,Quebec,2021A000224,Employment,"Business, building and other support services [55, 56]",Total - Gender,15 years and over,Persons in thousands,428,thousands,3,v2365951,6.2.22.1.1,173.0,Unknown,1
2024,Quebec,2021A000224,Employment,"Business, building and other support services [55, 56]",Total - Gender,15 years and over,Persons in thousands,428,thousands,3,v2365951,6.2.22.1.1,168.6,Unknown,1
2020,Quebec,2021A000224,Employment,Educational services [61],Total - Gender,15 years and over,Persons in thousands,428,thousands,3,v2365952,6.2.23.1.1,305.0,Unknown,1
2021,Quebec,2021A000224,Employment,Educational services [61],Total - Gender,15 years and over,Persons in thousands,428,thousands,3,v2365952,6.2.23.1.1,352.5,Unknown,1
2022,Quebec,2021A000224,Employment,Educational services [61],Total - Gender,15 years and over,Persons in thousands,428,thousands,3,v2365952,6.2.23.1.1,339.2,Unknown,1
2023,Quebec,2021A000224,Employment,Educational services [61],Total - Gender,15 years and over,Persons in thousands,428,thousands,3,v2365952,6.2.23.1.1,341.8,Unknown,1
2024,Quebec,2021A000224,Employment,Educational services [61],Total - Gender,15 years and over,Persons in thousands,428,thousands,3,v2365952,6.2.23.1.1,353.5,Unknown,1
2020,Quebec,2021A000224,Employment,Health care and social assistance [62],Total - Gender,15 years and over,Persons in thousands,428,thousands,3,v2365953,6.2.24.1.1,580.7,Unknown,1
2021,Quebec,2021A000224,Employment,Health care and social assistance [62],Total - Gender,15 years and over,Persons in thousands,428,thousands,3,v2365953,6.2.24.1.1,582.1,Unknown,1
2022,Quebec,2021A000224,Employment,Health care and social assistance [62],Total - Gender,15 years and over,Persons in thousands,428,thousands,3,v2365953,6.2.24.1.1,603.7,Unknown,1
2023,Quebec,2021A000224,Employment,Health care and social assistance [62],Total - Gender,15 years and over,Persons in thousands,428,thousands,3,v2365953,6.2.24.1.1,612.9,Unknown,1
2024,Quebec,2021A000224,Employment,Health care and social assistance [62],Total - Gender,15 years and over,Persons in thousands,428,thousands,3,v2365953,6.2.24.1.1,658.0,Unknown,1
2020,Quebec,2021A000224,Employment,"Information, culture and recreation [51, 71]",Total - Gender,15 years and over,Persons in thousands,428,thousands,3,v2365954,6.2.25.1.1,154.9,Unknown,1
2021,Quebec,2021A000224,Employment,"Information, culture and recreation [51, 71]",Total - Gender,15 years and over,Persons in thousands,428,thousands,3,v2365954,6.2.25.1.1,153.9,Unknown,1
2022,Quebec,2021A000224,Employment,"Information, culture and recreation [51, 71]",Total - Gender,15 years and over,Persons in thousands,428,thousands,3,v2365954,6.2.25.1.1,186.1,Unknown,1
2023,Quebec,2021A000224,Employment,"Information, culture and recreation [51, 71]",Total - Gender,15 years and over,Persons in thousands,428,thousands,3,v2365954,6.2.25.1.1,213.5,Unknown,1
2024,Quebec,2021A000224,Employment,"Information, culture and recreation [51, 71]",Total - Gender,15 years and over,Persons in thousands,428,thousands,3,v2365954,6.2.25.1.1,195.6,Unknown,1
2020,Quebec,2021A000224,Employment,Accommodation and food services [72],Total - Gender,15 years and over,Persons in thousands,428,thousands,3,v2365955,6.2.26.1.1,187.2,Unknown,1
2021,Quebec,2021A000224,Employment,Accommodation and food services [72],Total - Gender,15 years and over,Persons in thousands,428,thousands,3,v2365955,6.2.26.1.1,180.7,Unknown,1
2022,Quebec,2021A000224,Employment,Accommodation and food services [72],Total - Gender,15 years and over,Persons in thousands,428,thousands,3,v2365955,6.2.26.1.1,202.3,Unknown,1
2023,Quebec,2021A000224,Employment,Accommodation and food services [72],Total - Gender,15 years and over,Persons in thousands,428,thousands,3,v2365955,6.2.26.1.1,235.0,Unknown,1
2024,Quebec,2021A000224,Employment,Accommodation and food services [72],Total - Gender,15 years and over,Persons in thousands,428,thousands,3,v2365955,6.2.26.1.1,242.6,Unknown,1
2020,Quebec,2021A000224,Employment,Other services (except public administration) [81],Total - Gender,15 years and over,Persons in thousands,428,thousands,3,v2365956,6.2.27.1.1,149.2,Unknown,1
2021,Quebec,2021A000224,Employment,Other services (except public administration) [81],Total - Gender,15 years and over,Persons in thousands,428,thousands,3,v2365956,6.2.27.1.1,158.0,Unknown,1
2022,Quebec,2021A000224,Employment,Other services (except public administration) [81],Total - Gender,15 years and over,Persons in thousands,428,thousands,3,v2365956,6.2.27.1.1,161.8,Unknown,1
2023,Quebec,2021A000224,Employment,Other services (except public administration) [81],Total - Gender,15 years and over,Persons in thousands,428,thousands,3,v2365956,6.2.27.1.1,180.0,Unknown,1
2024,Quebec,2021A000224,Employment,Other services (except public administration) [81],Total - Gender,15 years and over,Persons in thousands,428,thousands,3,v2365956,6.2.27.1.1,179.5,Unknown,1
2020,Quebec,2021A000224,Employment,Public administration [91],Total - Gender,15 years and over,Persons in thousands,428,thousands,3,v2365957,6.2.28.1.1,239.7,Unknown,1
2021,Quebec,2021A000224,Employment,Public administration [91],Total - Gender,15 years and over,Persons in thousands,428,thousands,3,v2365957,6.2.28.1.1,261.8,Unknown,1
2022,Quebec,2021A000224,Employment,Public administration [91],Total - Gender,15 years and over,Persons in thousands,428,thousands,3,v2365957,6.2.28.1.1,276.2,Unknown,1
2023,Quebec,2021A000224,Employment,Public administration [91],Total - Gender,15 years and over,Persons in thousands,428,thousands,3,v2365957,6.2.28.1.1,287.8,Unknown,1
2024,Quebec,2021A000224,Employment,Public administration [91],Total - Gender,15 years and over,Persons in thousands,428,thousands,3,v2365957,6.2.28.1.1,291.6,Unknown,1
2021,Ontario,2021A000235,Employment,"Total, all industries",Total - Gender,15 years and over,Persons in thousands,428,thousands,3,v2366442,7.2.1.1.1,7404.8,Unknown,1
2022,Ontario,2021A000235,Employment,"Total, all industries",Total - Gender,15 years and over,Persons in thousands,428,thousands,3,v2366442,7.2.1.1.1,7764.1,Unknown,1
2023,Ontario,2021A000235,Employment,"Total, all industries",Total - Gender,15 years and over,Persons in thousands,428,thousands,3,v2366442,7.2.1.1.1,8006.1,Unknown,1
2024,Ontario,2021A000235,Employment,"Total, all industries",Total - Gender,15 years and over,Persons in thousands,428,thousands,3,v2366442,7.2.1.1.1,8146.1,Unknown,1
2020,Ontario,2021A000235,Employment,Goods-producing sector,Total - Gender,15 years and over,Persons in thousands,428,thousands,3,v2366443,7.2.2.1.1,1423.5,Unknown,1
2021,Ontario,2021A000235,Employment,Goods-producing sector,Total - Gender,15 years and over,Persons in thousands,428,thousands,3,v2366443,7.2.2.1.1,1480.9,Unknown,1
2022,Ontario,2021A000235,Employment,Goods-producing sector,Total - Gender,15 years and over,Persons in thousands,428,thousands,3,v2366443,7.2.2.1.1,1558.9,Unknown,1
2023,Ontario,2021A000235,Employment,Goods-producing sector,Total - Gender,15 years and over,Persons in thousands,428,thousands,3,v2366443,7.2.2.1.1,1619.0,Unknown,1
2024,Ontario,2021A000235,Employment,Goods-producing sector,Total - Gender,15 years and over,Persons in thousands,428,thousands,3,v2366443,7.2.2.1.1,1583.5,Unknown,1
2020,Ontario,2021A000235,Employment,"Agriculture [111-112, 1100, 1151-1152]",Total - Gender,15 years and over,Persons in thousands,428,thousands,3,v2366444,7.2.3.1.1,68.2,Unknown,1
2021,Ontario,2021A000235,Employment,"Agriculture [111-112, 1100, 1151-1152]",Total - Gender,15 years and over,Persons in thousands,428,thousands,3,v2366444,7.2.3.1.1,66.7,Unknown,1
2022,Ontario,2021A000235,Employment,"Agriculture [111-112, 1100, 1151-1152]",Total - Gender,15 years and over,Persons in thousands,428,thousands,3,v2366444,7.2.3.1.1,72.3,Unknown,1
2023,Ontario,2021A000235,Employment,"Agriculture [111-112, 1100, 1151-1152]",Total - Gender,15 years and over,Persons in thousands,428,thousands,3,v2366444,7.2.3.1.1,77.3,Unknown,1
2024,Ontario,2021A000235,Employment,"Agriculture [111-112, 1100, 1151-1152]",Total - Gender,15 years and over,Persons in thousands,428,thousands,3,v2366444,7.2.3.1.1,71.7,Unknown,1
2020,Ontario,2021A000235,Employment,"Forestry, fishing, mining, quarrying, oil and gas [21, 113-114, 1153, 2100]",Total - Gender,15 years and over,Persons in thousands,428,thousands,3,v2366445,7.2.4.1.1,34.7,Unknown,1
2021,Ontario,2021A000235,Employment,"Forestry, fishing, mining, quarrying, oil and gas [21, 113-114, 1153, 2100]",Total - Gender,15 years and over,Persons in thousands,428,thousands,3,v2366445,7.2.4.1.1,35.4,Unknown,1
2022,Ontario,2021A000235,Employment,"Forestry, fishing, mining, quarrying, oil and gas [21, 113-114, 1153, 2100]",Total - Gender,15 years and over,Persons in thousands,428,thousands,3,v2366445,7.2.4.1.1,39.2,Unknown,1
2023,Ontario,2021A000235,Employment,"Forestry, fishing, mining, quarrying, oil and gas [21, 113-114, 1153, 2100]",Total - Gender,15 years and over,Persons in thousands,428,thousands,3,v2366445,7.2.4.1.1,43.2,Unknown,1
2024,Ontario,2021A000235,Employment,"Forestry, fishing, mining, quarrying, oil and gas [21, 113-114, 1153, 2100]",Total - Gender,15 years and over,Persons in thousands,428,thousands,3,v2366445,7.2.4.1.1,43.3,Unknown,1
2020,Ontario,2021A000235,Employment,"Forestry and logging and support activities for forestry [113, 1153]",Total - Gender,15 years and over,Persons in thousands,428,thousands,3,v2366446,7.2.5.1.1,7.5,Unknown,1
2021,Ontario,2021A000235,Employment,"Forestry and logging and support activities for forestry [113, 1153]",Total - Gender,15 years and over,Persons in thousands,428,thousands,3,v2366446,7.2.5.1.1,5.8,Unknown,1
2022,Ontario,2021A000235,Employment,"Forestry and logging and support activities for forestry [113, 1153]",Total - Gender,15 years and over,Persons in thousands,428,thousands,3,v2366446,7.2.5.1.1,5.6,Unknown,1
2023,Ontario,2021A000235,Employment,"Forestry and logging and support activities for forestry [113, 1153]",Total - Gender,15 years and over,Persons in thousands,428,thousands,3,v2366446,7.2.5.1.1,5.0,Unknown,1
2024,Ontario,2021A000235,Employment,"Forestry and logging and support activities for forestry [113, 1153]",Total - Gender,15 years and over,Persons in thousands,428,thousands,3,v2366446,7.2.5.1.1,5.1,Unknown,1
2020,Ontario,2021A000235,Employment,"Fishing, hunting and trapping [114]",Total - Gender,15 years and over,Persons in thousands,428,thousands,3,v2366447,7.2.6.1.1,410.97272727272724,x,1
2021,Ontario,2021A000235,Employment,"Fishing, hunting and trapping [114]",Total - Gender,15 years and over,Persons in thousands,428,thousands,3,v2366447,7.2.6.1.1,410.97272727272724,x,1
2022,Ontario,2021A000235,Employment,"Fishing, hunting and trapping [114]",Total - Gender,15 years and over,Persons in thousands,428,thousands,3,v2366447,7.2.6.1.1,410.97272727272724,x,1
2023,Ontario,2021A000235,Employment,"Fishing, hunting and trapping [114]",Total - Gender,15 years and over,Persons in thousands,428,thousands,3,v2366447,7.2.6.1.1,410.97272727272724,x,1
2024,Ontario,2021A000235,Employment,"Fishing, hunting and trapping [114]",Total - Gender,15 years and over,Persons in thousands,428,thousands,3,v2366447,7.2.6.1.1,410.97272727272724,x,1
2020,Ontario,2021A000235,Employment,"Mining, quarrying, and oil and gas extraction [21, 2100]",Total - Gender,15 years and over,Persons in thousands,428,thousands,3,v2366448,7.2.7.1.1,26.4,Unknown,1
2021,Ontario,2021A000235,Employment,"Mining, quarrying, and oil and gas extraction [21, 2100]",Total - Gender,15 years and over,Persons in thousands,428,thousands,3,v2366448,7.2.7.1.1,29.0,Unknown,1
2022,Ontario,2021A000235,Employment,"Mining, quarrying, and oil and gas extraction [21, 2100]",Total - Gender,15 years and over,Persons in thousands,428,thousands,3,v2366448,7.2.7.1.1,33.4,Unknown,1
2023,Ontario,2021A000235,Employment,"Mining, quarrying, and oil and gas extraction [21, 2100]",Total - Gender,15 years and over,Persons in thousands,428,thousands,3,v2366448,7.2.7.1.1,38.0,Unknown,1
2024,Ontario,2021A000235,Employment,"Mining, quarrying, and oil and gas extraction [21, 2100]",Total - Gender,15 years and over,Persons in thousands,428,thousands,3,v2366448,7.2.7.1.1,38.0,Unknown,1
2020,Ontario,2021A000235,Employment,Utilities [22],Total - Gender,15 years and over,Persons in thousands,428,thousands,3,v2366449,7.2.8.1.1,49.6,Unknown,1
2021,Ontario,2021A000235,Employment,Utilities [22],Total - Gender,15 years and over,Persons in thousands,428,thousands,3,v2366449,7.2.8.1.1,53.4,Unknown,1
2022,Ontario,2021A000235,Employment,Utilities [22],Total - Gender,15 years and over,Persons in thousands,428,thousands,3,v2366449,7.2.8.1.1,61.3,Unknown,1
2023,Ontario,2021A000235,Employment,Utilities [22],Total - Gender,15 years and over,Persons in thousands,428,thousands,3,v2366449,7.2.8.1.1,64.5,Unknown,1
2024,Ontario,2021A000235,Employment,Utilities [22],Total - Gender,15 years and over,Persons in thousands,428,thousands,3,v2366449,7.2.8.1.1,59.5,Unknown,1
2020,Ontario,2021A000235,Employment,Construction [23],Total - Gender,15 years and over,Persons in thousands,428,thousands,3,v2366450,7.2.9.1.1,532.1,Unknown,1
2021,Ontario,2021A000235,Employment,Construction [23],Total - Gender,15 years and over,Persons in thousands,428,thousands,3,v2366450,7.2.9.1.1,543.2,Unknown,1
2022,Ontario,2021A000235,Employment,Construction [23],Total - Gender,15 years and over,Persons in thousands,428,thousands,3,v2366450,7.2.9.1.1,588.4,Unknown,1
2023,Ontario,2021A000235,Employment,Construction [23],Total - Gender,15 years and over,Persons in thousands,428,thousands,3,v2366450,7.2.9.1.1,605.4,Unknown,1
2024,Ontario,2021A000235,Employment,Construction [23],Total - Gender,15 years and over,Persons in thousands,428,thousands,3,v2366450,7.2.9.1.1,578.9,Unknown,1
2020,Ontario,2021A000235,Employment,Manufacturing [31-33],Total - Gender,15 years and over,Persons in thousands,428,thousands,3,v2366451,7.2.10.1.1,738.9,Unknown,1
2021,Ontario,2021A000235,Employment,Manufacturing [31-33],Total - Gender,15 years and over,Persons in thousands,428,thousands,3,v2366451,7.2.10.1.1,782.2,Unknown,1
2022,Ontario,2021A000235,Employment,Manufacturing [31-33],Total - Gender,15 years and over,Persons in thousands,428,thousands,3,v2366451,7.2.10.1.1,797.7,Unknown,1
2023,Ontario,2021A000235,Employment,Manufacturing [31-33],Total - Gender,15 years and over,Persons in thousands,428,thousands,3,v2366451,7.2.10.1.1,828.5,Unknown,1
2024,Ontario,2021A000235,Employment,Manufacturing [31-33],Total - Gender,15 years and over,Persons in thousands,428,thousands,3,v2366451,7.2.10.1.1,830.2,Unknown,1
2020,Ontario,2021A000235,Employment,"Durables [321, 327, 331-339]",Total - Gender,15 years and over,Persons in thousands,428,thousands,3,v2366452,7.2.11.1.1,463.5,Unknown,1
2021,Ontario,2021A000235,Employment,"Durables [321, 327, 331-339]",Total - Gender,15 years and over,Persons in thousands,428,thousands,3,v2366452,7.2.11.1.1,493.2,Unknown,1
2022,Ontario,2021A000235,Employment,"Durables [321, 327, 331-339]",Total - Gender,15 years and over,Persons in thousands,428,thousands,3,v2366452,7.2.11.1.1,508.1,Unknown,1
2023,Ontario,2021A000235,Employment,"Durables [321, 327, 331-339]",Total - Gender,15 years and over,Persons in thousands,428,thousands,3,v2366452,7.2.11.1.1,540.3,Unknown,1
2024,Ontario,2021A000235,Employment,"Durables [321, 327, 331-339]",Total - Gender,15 years and over,Persons in thousands,428,thousands,3,v2366452,7.2.11.1.1,527.9,Unknown,1
2020,Ontario,2021A000235,Employment,"Non-durables [311-316, 322-326]",Total - Gender,15 years and over,Persons in thousands,428,thousands,3,v2366453,7.2.12.1.1,275.4,Unknown,1
2021,Ontario,2021A000235,Employment,"Non-durables [311-316, 322-326]",Total - Gender,15 years and over,Persons in thousands,428,thousands,3,v2366453,7.2.12.1.1,289.0,Unknown,1
2022,Ontario,2021A000235,Employment,"Non-durables [311-316, 322-326]",Total - Gender,15 years and over,Persons in thousands,428,thousands,3,v2366453,7.2.12.1.1,289.6,Unknown,1
2023,Ontario,2021A000235,Employment,"Non-durables [311-316, 322-326]",Total - Gender,15 years and over,Persons in thousands,428,thousands,3,v2366453,7.2.12.1.1,288.2,Unknown,1
2024,Ontario,2021A000235,Employment,"Non-durables [311-316, 322-326]",Total - Gender,15 years and over,Persons in thousands,428,thousands,3,v2366453,7.2.12.1.1,302.3,Unknown,1
2020,Ontario,2021A000235,Employment,Services-producing sector,Total - Gender,15 years and over,Persons in thousands,428,thousands,3,v2366469,7.2.13.1.1,5620.0,Unknown,1
2021,Ontario,2021A000235,Employment,Services-producing sector,Total - Gender,15 years and over,Persons in thousands,428,thousands,3,v2366469,7.2.13.1.1,5923.9,Unknown,1
2022,Ontario,2021A000235,Employment,Services-producing sector,Total - Gender,15 years and over,Persons in thousands,428,thousands,3,v2366469,7.2.13.1.1,6205.2,Unknown,1
2023,Ontario,2021A000235,Employment,Services-producing sector,Total - Gender,15 years and over,Persons in thousands,428,thousands,3,v2366469,7.2.13.1.1,6387.2,Unknown,1
2024,Ontario,2021A000235,Employment,Services-producing sector,Total - Gender,15 years and over,Persons in thousands,428,thousands,3,v2366469,7.2.13.1.1,6562.6,Unknown,1
2020,Ontario,2021A000235,Employment,"Wholesale and retail trade [41, 44-45]",Total - Gender,15 years and over,Persons in thousands,428,thousands,3,v2366468,7.2.14.1.1,1057.2,Unknown,1
2021,Ontario,2021A000235,Employment,"Wholesale and retail trade [41, 44-45]",Total - Gender,15 years and over,Persons in thousands,428,thousands,3,v2366468,7.2.14.1.1,1104.8,Unknown,1
2022,Ontario,2021A000235,Employment,"Wholesale and retail trade [41, 44-45]",Total - Gender,15 years and over,Persons in thousands,428,thousands,3,v2366468,7.2.14.1.1,1151.9,Unknown,1
2023,Ontario,2021A000235,Employment,"Wholesale and retail trade [41, 44-45]",Total - Gender,15 years and over,Persons in thousands,428,thousands,3,v2366468,7.2.14.1.1,1139.2,Unknown,1
2024,Ontario,2021A000235,Employment,"Wholesale and retail trade [41, 44-45]",Total - Gender,15 years and over,Persons in thousands,428,thousands,3,v2366468,7.2.14.1.1,1125.6,Unknown,1
2020,Ontario,2021A000235,Employment,Wholesale trade [41],Total - Gender,15 years and over,Persons in thousands,428,thousands,3,v2366454,7.2.15.1.1,245.1,Unknown,1
2021,Ontario,2021A000235,Employment,Wholesale trade [41],Total - Gender,15 years and over,Persons in thousands,428,thousands,3,v2366454,7.2.15.1.1,262.5,Unknown,1
2022,Ontario,2021A000235,Employment,Wholesale trade [41],Total - Gender,15 years and over,Persons in thousands,428,thousands,3,v2366454,7.2.15.1.1,280.9,Unknown,1
2023,Ontario,2021A000235,Employment,Wholesale trade [41],Total - Gender,15 years and over,Persons in thousands,428,thousands,3,v2366454,7.2.15.1.1,287.4,Unknown,1
2024,Ontario,2021A000235,Employment,Wholesale trade [41],Total - Gender,15 years and over,Persons in thousands,428,thousands,3,v2366454,7.2.15.1.1,284.1,Unknown,1
2020,Ontario,2021A000235,Employment,Retail trade [44-45],Total - Gender,15 years and over,Persons in thousands,428,thousands,3,v2366455,7.2.16.1.1,812.1,Unknown,1
2021,Ontario,2021A000235,Employment,Retail trade [44-45],Total - Gender,15 years and over,Persons in thousands,428,thousands,3,v2366455,7.2.16.1.1,842.2,Unknown,1
2022,Ontario,2021A000235,Employment,Retail trade [44-45],Total - Gender,15 years and over,Persons in thousands,428,thousands,3,v2366455,7.2.16.1.1,871.0,Unknown,1
2023,Ontario,2021A000235,Employment,Retail trade [44-45],Total - Gender,15 years and over,Persons in thousands,428,thousands,3,v2366455,7.2.16.1.1,851.8,Unknown,1
2024,Ontario,2021A000235,Employment,Retail trade [44-45],Total - Gender,15 years and over,Persons in thousands,428,thousands,3,v2366455,7.2.16.1.1,841.5,Unknown,1
2020,Ontario,2021A000235,Employment,Transportation and warehousing [48-49],Total - Gender,15 years and over,Persons in thousands,428,thousands,3,v2366456,7.2.17.1.1,349.5,Unknown,1
2021,Ontario,2021A000235,Employment,Transportation and warehousing [48-49],Total - Gender,15 years and over,Persons in thousands,428,thousands,3,v2366456,7.2.17.1.1,365.0,Unknown,1
2022,Ontario,2021A000235,Employment,Transportation and warehousing [48-49],Total - Gender,15 years and over,Persons in thousands,428,thousands,3,v2366456,7.2.17.1.1,380.6,Unknown,1
2023,Ontario,2021A000235,Employment,Transportation and warehousing [48-49],Total - Gender,15 years and over,Persons in thousands,428,thousands,3,v2366456,7.2.17.1.1,401.8,Unknown,1
2024,Ontario,2021A000235,Employment,Transportation and warehousing [48-49],Total - Gender,15 years and over,Persons in thousands,428,thousands,3,v2366456,7.2.17.1.1,421.6,Unknown,1
2020,Ontario,2021A000235,Employment,"Finance, insurance, real estate, rental and leasing [52, 53]",Total - Gender,15 years and over,Persons in thousands,428,thousands,3,v2366457,7.2.18.1.1,599.0,Unknown,1
2021,Ontario,2021A000235,Employment,"Finance, insurance, real estate, rental and leasing [52, 53]",Total - Gender,15 years and over,Persons in thousands,428,thousands,3,v2366457,7.2.18.1.1,629.4,Unknown,1
2022,Ontario,2021A000235,Employment,"Finance, insurance, real estate, rental and leasing [52, 53]",Total - Gender,15 years and over,Persons in thousands,428,thousands,3,v2366457,7.2.18.1.1,670.6,Unknown,1
2023,Ontario,2021A000235,Employment,"Finance, insurance, real estate, rental and leasing [52, 53]",Total - Gender,15 years and over,Persons in thousands,428,thousands,3,v2366457,7.2.18.1.1,679.5,Unknown,1
2024,Ontario,2021A000235,Employment,"Finance, insurance, real estate, rental and leasing [52, 53]",Total - Gender,15 years and over,Persons in thousands,428,thousands,3,v2366457,7.2.18.1.1,703.4,Unknown,1
2020,Ontario,2021A000235,Employment,Finance and insurance [52],Total - Gender,15 years and over,Persons in thousands,428,thousands,3,v2366458,7.2.19.1.1,453.1,Unknown,1
2021,Ontario,2021A000235,Employment,Finance and insurance [52],Total - Gender,15 years and over,Persons in thousands,428,thousands,3,v2366458,7.2.19.1.1,467.0,Unknown,1
2022,Ontario,2021A000235,Employment,Finance and insurance [52],Total - Gender,15 years and over,Persons in thousands,428,thousands,3,v2366458,7.2.19.1.1,497.0,Unknown,1
2023,Ontario,2021A000235,Employment,Finance and insurance [52],Total - Gender,15 years and over,Persons in thousands,428,thousands,3,v2366458,7.2.19.1.1,519.0,Unknown,1
2024,Ontario,2021A000235,Employment,Finance and insurance [52],Total - Gender,15 years and over,Persons in thousands,428,thousands,3,v2366458,7.2.19.1.1,528.8,Unknown,1
2020,Ontario,2021A000235,Employment,Real estate and rental and leasing [53],Total - Gender,15 years and over,Persons in thousands,428,thousands,3,v2366459,7.2.20.1.1,145.9,Unknown,1
2021,Ontario,2021A000235,Employment,Real estate and rental and leasing [53],Total - Gender,15 years and over,Persons in thousands,428,thousands,3,v2366459,7.2.20.1.1,162.3,Unknown,1
2022,Ontario,2021A000235,Employment,Real estate and rental and leasing [53],Total - Gender,15 years and over,Persons in thousands,428,thousands,3,v2366459,7.2.20.1.1,173.6,Unknown,1
2023,Ontario,2021A000235,Employment,Real estate and rental and leasing [53],Total - Gender,15 years and over,Persons in thousands,428,thousands,3,v2366459,7.2.20.1.1,160.5,Unknown,1
2024,Ontario,2021A000235,Employment,Real estate and rental and leasing [53],Total - Gender,15 years and over,Persons in thousands,428,thousands,3,v2366459,7.2.20.1.1,174.5,Unknown,1
2020,Ontario,2021A000235,Employment,"Professional, scientific and technical services [54]",Total - Gender,15 years and over,Persons in thousands,428,thousands,3,v2366460,7.2.21.1.1,692.1,Unknown,1
2021,Ontario,2021A000235,Employment,"Professional, scientific and technical services [54]",Total - Gender,15 years and over,Persons in thousands,428,thousands,3,v2366460,7.2.21.1.1,757.0,Unknown,1
2022,Ontario,2021A000235,Employment,"Professional, scientific and technical services [54]",Total - Gender,15 years and over,Persons in thousands,428,thousands,3,v2366460,7.2.21.1.1,803.0,Unknown,1
2023,Ontario,2021A000235,Employment,"Professional, scientific and technical services [54]",Total - Gender,15 years and over,Persons in thousands,428,thousands,3,v2366460,7.2.21.1.1,836.9,Unknown,1
2024,Ontario,2021A000235,Employment,"Professional, scientific and technical services [54]",Total - Gender,15 years and over,Persons in thousands,428,thousands,3,v2366460,7.2.21.1.1,900.0,Unknown,1
2020,Ontario,2021A000235,Employment,"Business, building and other support services [55, 56]",Total - Gender,15 years and over,Persons in thousands,428,thousands,3,v2366461,7.2.22.1.1,283.9,Unknown,1
2021,Ontario,2021A000235,Employment,"Business, building and other support services [55, 56]",Total - Gender,15 years and over,Persons in thousands,428,thousands,3,v2366461,7.2.22.1.1,279.8,Unknown,1
2022,Ontario,2021A000235,Employment,"Business, building and other support services [55, 56]",Total - Gender,15 years and over,Persons in thousands,428,thousands,3,v2366461,7.2.22.1.1,282.6,Unknown,1
2023,Ontario,2021A000235,Employment,"Business, building and other support services [55, 56]",Total - Gender,15 years and over,Persons in thousands,428,thousands,3,v2366461,7.2.22.1.1,281.1,Unknown,1
2024,Ontario,2021A000235,Employment,"Business, building and other support services [55, 56]",Total - Gender,15 years and over,Persons in thousands,428,thousands,3,v2366461,7.2.22.1.1,290.7,Unknown,1
2020,Ontario,2021A000235,Employment,Educational services [61],Total - Gender,15 years and over,Persons in thousands,428,thousands,3,v2366462,7.2.23.1.1,513.6,Unknown,1
2021,Ontario,2021A000235,Employment,Educational services [61],Total - Gender,15 years and over,Persons in thousands,428,thousands,3,v2366462,7.2.23.1.1,552.1,Unknown,1
2022,Ontario,2021A000235,Employment,Educational services [61],Total - Gender,15 years and over,Persons in thousands,428,thousands,3,v2366462,7.2.23.1.1,570.9,Unknown,1
2023,Ontario,2021A000235,Employment,Educational services [61],Total - Gender,15 years and over,Persons in thousands,428,thousands,3,v2366462,7.2.23.1.1,580.1,Unknown,1
2024,Ontario,2021A000235,Employment,Educational services [61],Total - Gender,15 years and over,Persons in thousands,428,thousands,3,v2366462,7.2.23.1.1,605.8,Unknown,1
2020,Ontario,2021A000235,Employment,Health care and social assistance [62],Total - Gender,15 years and over,Persons in thousands,428,thousands,3,v2366463,7.2.24.1.1,857.8,Unknown,1
2021,Ontario,2021A000235,Employment,Health care and social assistance [62],Total - Gender,15 years and over,Persons in thousands,428,thousands,3,v2366463,7.2.24.1.1,900.8,Unknown,1
2022,Ontario,2021A000235,Employment,Health care and social assistance [62],Total - Gender,15 years and over,Persons in thousands,428,thousands,3,v2366463,7.2.24.1.1,935.9,Unknown,1
2023,Ontario,2021A000235,Employment,Health care and social assistance [62],Total - Gender,15 years and over,Persons in thousands,428,thousands,3,v2366463,7.2.24.1.1,981.1,Unknown,1
2024,Ontario,2021A000235,Employment,Health care and social assistance [62],Total - Gender,15 years and over,Persons in thousands,428,thousands,3,v2366463,7.2.24.1.1,1007.1,Unknown,1
2020,Ontario,2021A000235,Employment,"Information, culture and recreation [51, 71]",Total - Gender,15 years and over,Persons in thousands,428,thousands,3,v2366464,7.2.25.1.1,273.2,Unknown,1
2021,Ontario,2021A000235,Employment,"Information, culture and recreation [51, 71]",Total - Gender,15 years and over,Persons in thousands,428,thousands,3,v2366464,7.2.25.1.1,298.0,Unknown,1
2022,Ontario,2021A000235,Employment,"Information, culture and recreation [51, 71]",Total - Gender,15 years and over,Persons in thousands,428,thousands,3,v2366464,7.2.25.1.1,317.6,Unknown,1
2023,Ontario,2021A000235,Employment,"Information, culture and recreation [51, 71]",Total - Gender,15 years and over,Persons in thousands,428,thousands,3,v2366464,7.2.25.1.1,326.0,Unknown,1
2024,Ontario,2021A000235,Employment,"Information, culture and recreation [51, 71]",Total - Gender,15 years and over,Persons in thousands,428,thousands,3,v2366464,7.2.25.1.1,326.1,Unknown,1
2020,Ontario,2021A000235,Employment,Accommodation and food services [72],Total - Gender,15 years and over,Persons in thousands,428,thousands,3,v2366465,7.2.26.1.1,345.9,Unknown,1
2021,Ontario,2021A000235,Employment,Accommodation and food services [72],Total - Gender,15 years and over,Persons in thousands,428,thousands,3,v2366465,7.2.26.1.1,367.1,Unknown,1
2022,Ontario,2021A000235,Employment,Accommodation and food services [72],Total - Gender,15 years and over,Persons in thousands,428,thousands,3,v2366465,7.2.26.1.1,395.8,Unknown,1
2023,Ontario,2021A000235,Employment,Accommodation and food services [72],Total - Gender,15 years and over,Persons in thousands,428,thousands,3,v2366465,7.2.26.1.1,425.5,Unknown,1
2024,Ontario,2021A000235,Employment,Accommodation and food services [72],Total - Gender,15 years and over,Persons in thousands,428,thousands,3,v2366465,7.2.26.1.1,420.5,Unknown,1
2020,Ontario,2021A000235,Employment,Other services (except public administration) [81],Total - Gender,15 years and over,Persons in thousands,428,thousands,3,v2366466,7.2.27.1.1,263.4,Unknown,1
2021,Ontario,2021A000235,Employment,Other services (except public administration) [81],Total - Gender,15 years and over,Persons in thousands,428,thousands,3,v2366466,7.2.27.1.1,258.4,Unknown,1
2022,Ontario,2021A000235,Employment,Other services (except public administration) [81],Total - Gender,15 years and over,Persons in thousands,428,thousands,3,v2366466,7.2.27.1.1,251.3,Unknown,1
2023,Ontario,2021A000235,Employment,Other services (except public administration) [81],Total - Gender,15 years and over,Persons in thousands,428,thousands,3,v2366466,7.2.27.1.1,273.1,Unknown,1
2024,Ontario,2021A000235,Employment,Other services (except public administration) [81],Total - Gender,15 years and over,Persons in thousands,428,thousands,3,v2366466,7.2.27.1.1,289.5,Unknown,1
2020,Ontario,2021A000235,Employment,Public administration [91],Total - Gender,15 years and over,Persons in thousands,428,thousands,3,v2366467,7.2.28.1.1,384.3,Unknown,1
2021,Ontario,2021A000235,Employment,Public administration [91],Total - Gender,15 years and over,Persons in thousands,428,thousands,3,v2366467,7.2.28.1.1,411.5,Unknown,1
2022,Ontario,2021A000235,Employment,Public administration [91],Total - Gender,15 years and over,Persons in thousands,428,thousands,3,v2366467,7.2.28.1.1,445.1,Unknown,1
2023,Ontario,2021A000235,Employment,Public administration [91],Total - Gender,15 years and over,Persons in thousands,428,thousands,3,v2366467,7.2.28.1.1,462.9,Unknown,1
2024,Ontario,2021A000235,Employment,Public administration [91],Total - Gender,15 years and over,Persons in thousands,428,thousands,3,v2366467,7.2.28.1.1,472.3,Unknown,1
2021,Manitoba,2021A000246,Employment,"Total, all industries",Total - Gender,15 years and over,Persons in thousands,428,thousands,3,v2366952,8.2.1.1.1,664.0,Unknown,1
2022,Manitoba,2021A000246,Employment,"Total, all industries",Total - Gender,15 years and over,Persons in thousands,428,thousands,3,v2366952,8.2.1.1.1,687.9,Unknown,1
2023,Manitoba,2021A000246,Employment,"Total, all industries",Total - Gender,15 years and over,Persons in thousands,428,thousands,3,v2366952,8.2.1.1.1,706.8,Unknown,1
2024,Manitoba,2021A000246,Employment,"Total, all industries",Total - Gender,15 years and over,Persons in thousands,428,thousands,3,v2366952,8.2.1.1.1,724.4,Unknown,1
2020,Manitoba,2021A000246,Employment,Goods-producing sector,Total - Gender,15 years and over,Persons in thousands,428,thousands,3,v2366953,8.2.2.1.1,148.6,Unknown,1
2021,Manitoba,2021A000246,Employment,Goods-producing sector,Total - Gender,15 years and over,Persons in thousands,428,thousands,3,v2366953,8.2.2.1.1,153.2,Unknown,1
2022,Manitoba,2021A000246,Employment,Goods-producing sector,Total - Gender,15 years and over,Persons in thousands,428,thousands,3,v2366953,8.2.2.1.1,152.9,Unknown,1
2023,Manitoba,2021A000246,Employment,Goods-producing sector,Total - Gender,15 years and over,Persons in thousands,428,thousands,3,v2366953,8.2.2.1.1,156.5,Unknown,1
2024,Manitoba,2021A000246,Employment,Goods-producing sector,Total - Gender,15 years and over,Persons in thousands,428,thousands,3,v2366953,8.2.2.1.1,154.9,Unknown,1
2020,Manitoba,2021A000246,Employment,"Agriculture [111-112, 1100, 1151-1152]",Total - Gender,15 years and over,Persons in thousands,428,thousands,3,v2366954,8.2.3.1.1,27.4,Unknown,1
2021,Manitoba,2021A000246,Employment,"Agriculture [111-112, 1100, 1151-1152]",Total - Gender,15 years and over,Persons in thousands,428,thousands,3,v2366954,8.2.3.1.1,26.1,Unknown,1
2022,Manitoba,2021A000246,Employment,"Agriculture [111-112, 1100, 1151-1152]",Total - Gender,15 years and over,Persons in thousands,428,thousands,3,v2366954,8.2.3.1.1,19.9,Unknown,1
2023,Manitoba,2021A000246,Employment,"Agriculture [111-112, 1100, 1151-1152]",Total - Gender,15 years and over,Persons in thousands,428,thousands,3,v2366954,8.2.3.1.1,14.7,Unknown,1
2024,Manitoba,2021A000246,Employment,"Agriculture [111-112, 1100, 1151-1152]",Total - Gender,15 years and over,Persons in thousands,428,thousands,3,v2366954,8.2.3.1.1,13.2,Unknown,1
2020,Manitoba,2021A000246,Employment,"Forestry, fishing, mining, quarrying, oil and gas [21, 113-114, 1153, 2100]",Total - Gender,15 years and over,Persons in thousands,428,thousands,3,v2366955,8.2.4.1.1,4.8,Unknown,1
2021,Manitoba,2021A000246,Employment,"Forestry, fishing, mining, quarrying, oil and gas [21, 113-114, 1153, 2100]",Total - Gender,15 years and over,Persons in thousands,428,thousands,3,v2366955,8.2.4.1.1,4.6,Unknown,1
2022,Manitoba,2021A000246,Employment,"Forestry, fishing, mining, quarrying, oil and gas [21, 113-114, 1153, 2100]",Total - Gender,15 years and over,Persons in thousands,428,thousands,3,v2366955,8.2.4.1.1,5.1,Unknown,1
2023,Manitoba,2021A000246,Employment,"Forestry, fishing, mining, quarrying, oil and gas [21, 113-114, 1153, 2100]",Total - Gender,15 years and over,Persons in thousands,428,thousands,3,v2366955,8.2.4.1.1,6.7,Unknown,1
2024,Manitoba,2021A000246,Employment,"Forestry, fishing, mining, quarrying, oil and gas [21, 113-114, 1153, 2100]",Total - Gender,15 years and over,Persons in thousands,428,thousands,3,v2366955,8.2.4.1.1,6.5,Unknown,1
2020,Manitoba,2021A000246,Employment,"Forestry and logging and support activities for forestry [113, 1153]",Total - Gender,15 years and over,Persons in thousands,428,thousands,3,v2366956,8.2.5.1.1,0.5,Unknown,1
2021,Manitoba,2021A000246,Employment,"Forestry and logging and support activities for forestry [113, 1153]",Total - Gender,15 years and over,Persons in thousands,428,thousands,3,v2366956,8.2.5.1.1,410.97272727272724,x,1
2022,Manitoba,2021A000246,Employment,"Forestry and logging and support activities for forestry [113, 1153]",Total - Gender,15 years and over,Persons in thousands,428,thousands,3,v2366956,8.2.5.1.1,410.97272727272724,x,1
2023,Manitoba,2021A000246,Employment,"Forestry and logging and support activities for forestry [113, 1153]",Total - Gender,15 years and over,Persons in thousands,428,thousands,3,v2366956,8.2.5.1.1,0.6,Unknown,1
2024,Manitoba,2021A000246,Employment,"Forestry and logging and support activities for forestry [113, 1153]",Total - Gender,15 years and over,Persons in thousands,428,thousands,3,v2366956,8.2.5.1.1,0.5,Unknown,1
2020,Manitoba,2021A000246,Employment,"Fishing, hunting and trapping [114]",Total - Gender,15 years and over,Persons in thousands,428,thousands,3,v2366957,8.2.6.1.1,410.97272727272724,x,1
2021,Manitoba,2021A000246,Employment,"Fishing, hunting and trapping [114]",Total - Gender,15 years and over,Persons in thousands,428,thousands,3,v2366957,8.2.6.1.1,410.97272727272724,x,1
2022,Manitoba,2021A000246,Employment,"Fishing, hunting and trapping [114]",Total - Gender,15 years and over,Persons in thousands,428,thousands,3,v2366957,8.2.6.1.1,410.97272727272724,x,1
2023,Manitoba,2021A000246,Employment,"Fishing, hunting and trapping [114]",Total - Gender,15 years and over,Persons in thousands,428,thousands,3,v2366957,8.2.6.1.1,410.97272727272724,x,1
2024,Manitoba,2021A000246,Employment,"Fishing, hunting and trapping [114]",Total - Gender,15 years and over,Persons in thousands,428,thousands,3,v2366957,8.2.6.1.1,410.97272727272724,x,1
2020,Manitoba,2021A000246,Employment,"Mining, quarrying, and oil and gas extraction [21, 2100]",Total - Gender,15 years and over,Persons in thousands,428,thousands,3,v2366958,8.2.7.1.1,4.2,Unknown,1
2021,Manitoba,2021A000246,Employment,"Mining, quarrying, and oil and gas extraction [21, 2100]",Total - Gender,15 years and over,Persons in thousands,428,thousands,3,v2366958,8.2.7.1.1,4.0,Unknown,1
2022,Manitoba,2021A000246,Employment,"Mining, quarrying, and oil and gas extraction [21, 2100]",Total - Gender,15 years and over,Persons in thousands,428,thousands,3,v2366958,8.2.7.1.1,4.5,Unknown,1
2023,Manitoba,2021A000246,Employment,"Mining, quarrying, and oil and gas extraction [21, 2100]",Total - Gender,15 years and over,Persons in thousands,428,thousands,3,v2366958,8.2.7.1.1,5.8,Unknown,1
2024,Manitoba,2021A000246,Employment,"Mining, quarrying, and oil and gas extraction [21, 2100]",Total - Gender,15 years and over,Persons in thousands,428,thousands,3,v2366958,8.2.7.1.1,5.9,Unknown,1
2020,Manitoba,2021A000246,Employment,Utilities [22],Total - Gender,15 years and over,Persons in thousands,428,thousands,3,v2366959,8.2.8.1.1,6.6,Unknown,1
2021,Manitoba,2021A000246,Employment,Utilities [22],Total - Gender,15 years and over,Persons in thousands,428,thousands,3,v2366959,8.2.8.1.1,5.5,Unknown,1
2022,Manitoba,2021A000246,Employment,Utilities [22],Total - Gender,15 years and over,Persons in thousands,428,thousands,3,v2366959,8.2.8.1.1,4.9,Unknown,1
2023,Manitoba,2021A000246,Employment,Utilities [22],Total - Gender,15 years and over,Persons in thousands,428,thousands,3,v2366959,8.2.8.1.1,6.4,Unknown,1
2024,Manitoba,2021A000246,Employment,Utilities [22],Total - Gender,15 years and over,Persons in thousands,428,thousands,3,v2366959,8.2.8.1.1,6.0,Unknown,1
2020,Manitoba,2021A000246,Employment,Construction [23],Total - Gender,15 years and over,Persons in thousands,428,thousands,3,v2366960,8.2.9.1.1,48.5,Unknown,1
2021,Manitoba,2021A000246,Employment,Construction [23],Total - Gender,15 years and over,Persons in thousands,428,thousands,3,v2366960,8.2.9.1.1,50.6,Unknown,1
2022,Manitoba,2021A000246,Employment,Construction [23],Total - Gender,15 years and over,Persons in thousands,428,thousands,3,v2366960,8.2.9.1.1,52.9,Unknown,1
2023,Manitoba,2021A000246,Employment,Construction [23],Total - Gender,15 years and over,Persons in thousands,428,thousands,3,v2366960,8.2.9.1.1,58.3,Unknown,1
2024,Manitoba,2021A000246,Employment,Construction [23],Total - Gender,15 years and over,Persons in thousands,428,thousands,3,v2366960,8.2.9.1.1,57.3,Unknown,1
2020,Manitoba,2021A000246,Employment,Manufacturing [31-33],Total - Gender,15 years and over,Persons in thousands,428,thousands,3,v2366961,8.2.10.1.1,61.2,Unknown,1
2021,Manitoba,2021A000246,Employment,Manufacturing [31-33],Total - Gender,15 years and over,Persons in thousands,428,thousands,3,v2366961,8.2.10.1.1,66.4,Unknown,1
2022,Manitoba,2021A000246,Employment,Manufacturing [31-33],Total - Gender,15 years and over,Persons in thousands,428,thousands,3,v2366961,8.2.10.1.1,70.0,Unknown,1
2023,Manitoba,2021A000246,Employment,Manufacturing [31-33],Total - Gender,15 years and over,Persons in thousands,428,thousands,3,v2366961,8.2.10.1.1,70.5,Unknown,1
2024,Manitoba,2021A000246,Employment,Manufacturing [31-33],Total - Gender,15 years and over,Persons in thousands,428,thousands,3,v2366961,8.2.10.1.1,71.8,Unknown,1
2020,Manitoba,2021A000246,Employment,"Durables [321, 327, 331-339]",Total - Gender,15 years and over,Persons in thousands,428,thousands,3,v2366962,8.2.11.1.1,34.1,Unknown,1
2021,Manitoba,2021A000246,Employment,"Durables [321, 327, 331-339]",Total - Gender,15 years and over,Persons in thousands,428,thousands,3,v2366962,8.2.11.1.1,36.8,Unknown,1
2022,Manitoba,2021A000246,Employment,"Durables [321, 327, 331-339]",Total - Gender,15 years and over,Persons in thousands,428,thousands,3,v2366962,8.2.11.1.1,39.5,Unknown,1
2023,Manitoba,2021A000246,Employment,"Durables [321, 327, 331-339]",Total - Gender,15 years and over,Persons in thousands,428,thousands,3,v2366962,8.2.11.1.1,38.7,Unknown,1
2024,Manitoba,2021A000246,Employment,"Durables [321, 327, 331-339]",Total - Gender,15 years and over,Persons in thousands,428,thousands,3,v2366962,8.2.11.1.1,38.9,Unknown,1
2020,Manitoba,2021A000246,Employment,"Non-durables [311-316, 322-326]",Total - Gender,15 years and over,Persons in thousands,428,thousands,3,v2366963,8.2.12.1.1,27.1,Unknown,1
2021,Manitoba,2021A000246,Employment,"Non-durables [311-316, 322-326]",Total - Gender,15 years and over,Persons in thousands,428,thousands,3,v2366963,8.2.12.1.1,29.6,Unknown,1
2022,Manitoba,2021A000246,Employment,"Non-durables [311-316, 322-326]",Total - Gender,15 years and over,Persons in thousands,428,thousands,3,v2366963,8.2.12.1.1,30.5,Unknown,1
2023,Manitoba,2021A000246,Employment,"Non-durables [311-316, 322-326]",Total - Gender,15 years and over,Persons in thousands,428,thousands,3,v2366963,8.2.12.1.1,31.8,Unknown,1
2024,Manitoba,2021A000246,Employment,"Non-durables [311-316, 322-326]",Total - Gender,15 years and over,Persons in thousands,428,thousands,3,v2366963,8.2.12.1.1,32.9,Unknown,1
2020,Manitoba,2021A000246,Employment,Services-producing sector,Total - Gender,15 years and over,Persons in thousands,428,thousands,3,v2366979,8.2.13.1.1,487.0,Unknown,1
2021,Manitoba,2021A000246,Employment,Services-producing sector,Total - Gender,15 years and over,Persons in thousands,428,thousands,3,v2366979,8.2.13.1.1,510.8,Unknown,1
2022,Manitoba,2021A000246,Employment,Services-producing sector,Total - Gender,15 years and over,Persons in thousands,428,thousands,3,v2366979,8.2.13.1.1,535.0,Unknown,1
2023,Manitoba,2021A000246,Employment,Services-producing sector,Total - Gender,15 years and over,Persons in thousands,428,thousands,3,v2366979,8.2.13.1.1,550.2,Unknown,1
2024,Manitoba,2021A000246,Employment,Services-producing sector,Total - Gender,15 years and over,Persons in thousands,428,thousands,3,v2366979,8.2.13.1.1,569.6,Unknown,1
2020,Manitoba,2021A000246,Employment,"Wholesale and retail trade [41, 44-45]",Total - Gender,15 years and over,Persons in thousands,428,thousands,3,v2366978,8.2.14.1.1,88.8,Unknown,1
2021,Manitoba,2021A000246,Employment,"Wholesale and retail trade [41, 44-45]",Total - Gender,15 years and over,Persons in thousands,428,thousands,3,v2366978,8.2.14.1.1,97.9,Unknown,1
2022,Manitoba,2021A000246,Employment,"Wholesale and retail trade [41, 44-45]",Total - Gender,15 years and over,Persons in thousands,428,thousands,3,v2366978,8.2.14.1.1,94.5,Unknown,1
2023,Manitoba,2021A000246,Employment,"Wholesale and retail trade [41, 44-45]",Total - Gender,15 years and over,Persons in thousands,428,thousands,3,v2366978,8.2.14.1.1,100.6,Unknown,1
2024,Manitoba,2021A000246,Employment,"Wholesale and retail trade [41, 44-45]",Total - Gender,15 years and over,Persons in thousands,428,thousands,3,v2366978,8.2.14.1.1,101.7,Unknown,1
2020,Manitoba,2021A000246,Employment,Wholesale trade [41],Total - Gender,15 years and over,Persons in thousands,428,thousands,3,v2366964,8.2.15.1.1,19.9,Unknown,1
2021,Manitoba,2021A000246,Employment,Wholesale trade [41],Total - Gender,15 years and over,Persons in thousands,428,thousands,3,v2366964,8.2.15.1.1,23.0,Unknown,1
2022,Manitoba,2021A000246,Employment,Wholesale trade [41],Total - Gender,15 years and over,Persons in thousands,428,thousands,3,v2366964,8.2.15.1.1,21.6,Unknown,1
2023,Manitoba,2021A000246,Employment,Wholesale trade [41],Total - Gender,15 years and over,Persons in thousands,428,thousands,3,v2366964,8.2.15.1.1,22.7,Unknown,1
2024,Manitoba,2021A000246,Employment,Wholesale trade [41],Total - Gender,15 years and over,Persons in thousands,428,thousands,3,v2366964,8.2.15.1.1,23.0,Unknown,1
2020,Manitoba,2021A000246,Employment,Retail trade [44-45],Total - Gender,15 years and over,Persons in thousands,428,thousands,3,v2366965,8.2.16.1.1,68.9,Unknown,1
2021,Manitoba,2021A000246,Employment,Retail trade [44-45],Total - Gender,15 years and over,Persons in thousands,428,thousands,3,v2366965,8.2.16.1.1,75.0,Unknown,1
2022,Manitoba,2021A000246,Employment,Retail trade [44-45],Total - Gender,15 years and over,Persons in thousands,428,thousands,3,v2366965,8.2.16.1.1,72.9,Unknown,1
2023,Manitoba,2021A000246,Employment,Retail trade [44-45],Total - Gender,15 years and over,Persons in thousands,428,thousands,3,v2366965,8.2.16.1.1,77.9,Unknown,1
2024,Manitoba,2021A000246,Employment,Retail trade [44-45],Total - Gender,15 years and over,Persons in thousands,428,thousands,3,v2366965,8.2.16.1.1,78.7,Unknown,1
2020,Manitoba,2021A000246,Employment,Transportation and warehousing [48-49],Total - Gender,15 years and over,Persons in thousands,428,thousands,3,v2366966,8.2.17.1.1,38.9,Unknown,1
2021,Manitoba,2021A000246,Employment,Transportation and warehousing [48-49],Total - Gender,15 years and over,Persons in thousands,428,thousands,3,v2366966,8.2.17.1.1,42.8,Unknown,1
2022,Manitoba,2021A000246,Employment,Transportation and warehousing [48-49],Total - Gender,15 years and over,Persons in thousands,428,thousands,3,v2366966,8.2.17.1.1,41.5,Unknown,1
2023,Manitoba,2021A000246,Employment,Transportation and warehousing [48-49],Total - Gender,15 years and over,Persons in thousands,428,thousands,3,v2366966,8.2.17.1.1,43.1,Unknown,1
2024,Manitoba,2021A000246,Employment,Transportation and warehousing [48-49],Total - Gender,15 years and over,Persons in thousands,428,thousands,3,v2366966,8.2.17.1.1,49.3,Unknown,1
2020,Manitoba,2021A000246,Employment,"Finance, insurance, real estate, rental and leasing [52, 53]",Total - Gender,15 years and over,Persons in thousands,428,thousands,3,v2366967,8.2.18.1.1,34.1,Unknown,1
2021,Manitoba,2021A000246,Employment,"Finance, insurance, real estate, rental and leasing [52, 53]",Total - Gender,15 years and over,Persons in thousands,428,thousands,3,v2366967,8.2.18.1.1,34.7,Unknown,1
2022,Manitoba,2021A000246,Employment,"Finance, insurance, real estate, rental and leasing [52, 53]",Total - Gender,15 years and over,Persons in thousands,428,thousands,3,v2366967,8.2.18.1.1,40.5,Unknown,1
2023,Manitoba,2021A000246,Employment,"Finance, insurance, real estate, rental and leasing [52, 53]",Total - Gender,15 years and over,Persons in thousands,428,thousands,3,v2366967,8.2.18.1.1,41.4,Unknown,1
2024,Manitoba,2021A000246,Employment,"Finance, insurance, real estate, rental and leasing [52, 53]",Total - Gender,15 years and over,Persons in thousands,428,thousands,3,v2366967,8.2.18.1.1,47.2,Unknown,1
2020,Manitoba,2021A000246,Employment,Finance and insurance [52],Total - Gender,15 years and over,Persons in thousands,428,thousands,3,v2366968,8.2.19.1.1,25.3,Unknown,1
2021,Manitoba,2021A000246,Employment,Finance and insurance [52],Total - Gender,15 years and over,Persons in thousands,428,thousands,3,v2366968,8.2.19.1.1,26.7,Unknown,1
2022,Manitoba,2021A000246,Employment,Finance and insurance [52],Total - Gender,15 years and over,Persons in thousands,428,thousands,3,v2366968,8.2.19.1.1,31.2,Unknown,1
2023,Manitoba,2021A000246,Employment,Finance and insurance [52],Total - Gender,15 years and over,Persons in thousands,428,thousands,3,v2366968,8.2.19.1.1,32.2,Unknown,1
2024,Manitoba,2021A000246,Employment,Finance and insurance [52],Total - Gender,15 years and over,Persons in thousands,428,thousands,3,v2366968,8.2.19.1.1,36.0,Unknown,1
2020,Manitoba,2021A000246,Employment,Real estate and rental and leasing [53],Total - Gender,15 years and over,Persons in thousands,428,thousands,3,v2366969,8.2.20.1.1,8.8,Unknown,1
2021,Manitoba,2021A000246,Employment,Real estate and rental and leasing [53],Total - Gender,15 years and over,Persons in thousands,428,thousands,3,v2366969,8.2.20.1.1,8.0,Unknown,1
2022,Manitoba,2021A000246,Employment,Real estate and rental and leasing [53],Total - Gender,15 years and over,Persons in thousands,428,thousands,3,v2366969,8.2.20.1.1,9.3,Unknown,1
2023,Manitoba,2021A000246,Employment,Real estate and rental and leasing [53],Total - Gender,15 years and over,Persons in thousands,428,thousands,3,v2366969,8.2.20.1.1,9.2,Unknown,1
2024,Manitoba,2021A000246,Employment,Real estate and rental and leasing [53],Total - Gender,15 years and over,Persons in thousands,428,thousands,3,v2366969,8.2.20.1.1,11.1,Unknown,1
2020,Manitoba,2021A000246,Employment,"Professional, scientific and technical services [54]",Total - Gender,15 years and over,Persons in thousands,428,thousands,3,v2366970,8.2.21.1.1,30.6,Unknown,1
2021,Manitoba,2021A000246,Employment,"Professional, scientific and technical services [54]",Total - Gender,15 years and over,Persons in thousands,428,thousands,3,v2366970,8.2.21.1.1,32.2,Unknown,1
2022,Manitoba,2021A000246,Employment,"Professional, scientific and technical services [54]",Total - Gender,15 years and over,Persons in thousands,428,thousands,3,v2366970,8.2.21.1.1,35.5,Unknown,1
2023,Manitoba,2021A000246,Employment,"Professional, scientific and technical services [54]",Total - Gender,15 years and over,Persons in thousands,428,thousands,3,v2366970,8.2.21.1.1,36.3,Unknown,1
2024,Manitoba,2021A000246,Employment,"Professional, scientific and technical services [54]",Total - Gender,15 years and over,Persons in thousands,428,thousands,3,v2366970,8.2.21.1.1,36.9,Unknown,1
2020,Manitoba,2021A000246,Employment,"Business, building and other support services [55, 56]",Total - Gender,15 years and over,Persons in thousands,428,thousands,3,v2366971,8.2.22.1.1,21.2,Unknown,1
2021,Manitoba,2021A000246,Employment,"Business, building and other support services [55, 56]",Total - Gender,15 years and over,Persons in thousands,428,thousands,3,v2366971,8.2.22.1.1,20.2,Unknown,1
2022,Manitoba,2021A000246,Employment,"Business, building and other support services [55, 56]",Total - Gender,15 years and over,Persons in thousands,428,thousands,3,v2366971,8.2.22.1.1,23.4,Unknown,1
2023,Manitoba,2021A000246,Employment,"Business, building and other support services [55, 56]",Total - Gender,15 years and over,Persons in thousands,428,thousands,3,v2366971,8.2.22.1.1,21.1,Unknown,1
2024,Manitoba,2021A000246,Employment,"Business, building and other support services [55, 56]",Total - Gender,15 years and over,Persons in thousands,428,thousands,3,v2366971,8.2.22.1.1,19.0,Unknown,1
2020,Manitoba,2021A000246,Employment,Educational services [61],Total - Gender,15 years and over,Persons in thousands,428,thousands,3,v2366972,8.2.23.1.1,53.9,Unknown,1
2021,Manitoba,2021A000246,Employment,Educational services [61],Total - Gender,15 years and over,Persons in thousands,428,thousands,3,v2366972,8.2.23.1.1,59.0,Unknown,1
2022,Manitoba,2021A000246,Employment,Educational services [61],Total - Gender,15 years and over,Persons in thousands,428,thousands,3,v2366972,8.2.23.1.1,63.9,Unknown,1
2023,Manitoba,2021A000246,Employment,Educational services [61],Total - Gender,15 years and over,Persons in thousands,428,thousands,3,v2366972,8.2.23.1.1,65.9,Unknown,1
2024,Manitoba,2021A000246,Employment,Educational services [61],Total - Gender,15 years and over,Persons in thousands,428,thousands,3,v2366972,8.2.23.1.1,64.6,Unknown,1
2020,Manitoba,2021A000246,Employment,Health care and social assistance [62],Total - Gender,15 years and over,Persons in thousands,428,thousands,3,v2366973,8.2.24.1.1,100.7,Unknown,1
2021,Manitoba,2021A000246,Employment,Health care and social assistance [62],Total - Gender,15 years and over,Persons in thousands,428,thousands,3,v2366973,8.2.24.1.1,105.2,Unknown,1
2022,Manitoba,2021A000246,Employment,Health care and social assistance [62],Total - Gender,15 years and over,Persons in thousands,428,thousands,3,v2366973,8.2.24.1.1,104.2,Unknown,1
2023,Manitoba,2021A000246,Employment,Health care and social assistance [62],Total - Gender,15 years and over,Persons in thousands,428,thousands,3,v2366973,8.2.24.1.1,107.0,Unknown,1
2024,Manitoba,2021A000246,Employment,Health care and social assistance [62],Total - Gender,15 years and over,Persons in thousands,428,thousands,3,v2366973,8.2.24.1.1,114.7,Unknown,1
2020,Manitoba,2021A000246,Employment,"Information, culture and recreation [51, 71]",Total - Gender,15 years and over,Persons in thousands,428,thousands,3,v2366974,8.2.25.1.1,20.0,Unknown,1
2021,Manitoba,2021A000246,Employment,"Information, culture and recreation [51, 71]",Total - Gender,15 years and over,Persons in thousands,428,thousands,3,v2366974,8.2.25.1.1,21.0,Unknown,1
2022,Manitoba,2021A000246,Employment,"Information, culture and recreation [51, 71]",Total - Gender,15 years and over,Persons in thousands,428,thousands,3,v2366974,8.2.25.1.1,23.5,Unknown,1
2023,Manitoba,2021A000246,Employment,"Information, culture and recreation [51, 71]",Total - Gender,15 years and over,Persons in thousands,428,thousands,3,v2366974,8.2.25.1.1,24.4,Unknown,1
2024,Manitoba,2021A000246,Employment,"Information, culture and recreation [51, 71]",Total - Gender,15 years and over,Persons in thousands,428,thousands,3,v2366974,8.2.25.1.1,25.5,Unknown,1
2020,Manitoba,2021A000246,Employment,Accommodation and food services [72],Total - Gender,15 years and over,Persons in thousands,428,thousands,3,v2366975,8.2.26.1.1,35.5,Unknown,1
2021,Manitoba,2021A000246,Employment,Accommodation and food services [72],Total - Gender,15 years and over,Persons in thousands,428,thousands,3,v2366975,8.2.26.1.1,33.4,Unknown,1
2022,Manitoba,2021A000246,Employment,Accommodation and food services [72],Total - Gender,15 years and over,Persons in thousands,428,thousands,3,v2366975,8.2.26.1.1,38.2,Unknown,1
2023,Manitoba,2021A000246,Employment,Accommodation and food services [72],Total - Gender,15 years and over,Persons in thousands,428,thousands,3,v2366975,8.2.26.1.1,38.3,Unknown,1
2024,Manitoba,2021A000246,Employment,Accommodation and food services [72],Total - Gender,15 years and over,Persons in thousands,428,thousands,3,v2366975,8.2.26.1.1,36.0,Unknown,1
2020,Manitoba,2021A000246,Employment,Other services (except public administration) [81],Total - Gender,15 years and over,Persons in thousands,428,thousands,3,v2366976,8.2.27.1.1,27.5,Unknown,1
2021,Manitoba,2021A000246,Employment,Other services (except public administration) [81],Total - Gender,15 years and over,Persons in thousands,428,thousands,3,v2366976,8.2.27.1.1,26.6,Unknown,1
2022,Manitoba,2021A000246,Employment,Other services (except public administration) [81],Total - Gender,15 years and over,Persons in thousands,428,thousands,3,v2366976,8.2.27.1.1,27.2,Unknown,1
2023,Manitoba,2021A000246,Employment,Other services (except public administration) [81],Total - Gender,15 years and over,Persons in thousands,428,thousands,3,v2366976,8.2.27.1.1,27.3,Unknown,1
2024,Manitoba,2021A000246,Employment,Other services (except public administration) [81],Total - Gender,15 years and over,Persons in thousands,428,thousands,3,v2366976,8.2.27.1.1,30.8,Unknown,1
2020,Manitoba,2021A000246,Employment,Public administration [91],Total - Gender,15 years and over,Persons in thousands,428,thousands,3,v2366977,8.2.28.1.1,35.8,Unknown,1
2021,Manitoba,2021A000246,Employment,Public administration [91],Total - Gender,15 years and over,Persons in thousands,428,thousands,3,v2366977,8.2.28.1.1,37.9,Unknown,1
2022,Manitoba,2021A000246,Employment,Public administration [91],Total - Gender,15 years and over,Persons in thousands,428,thousands,3,v2366977,8.2.28.1.1,42.4,Unknown,1
2023,Manitoba,2021A000246,Employment,Public administration [91],Total - Gender,15 years and over,Persons in thousands,428,thousands,3,v2366977,8.2.28.1.1,44.9,Unknown,1
2024,Manitoba,2021A000246,Employment,Public administration [91],Total - Gender,15 years and over,Persons in thousands,428,thousands,3,v2366977,8.2.28.1.1,43.9,Unknown,1
2021,Saskatchewan,2021A000247,Employment,"Total, all industries",Total - Gender,15 years and over,Persons in thousands,428,thousands,3,v2367462,9.2.1.1.1,558.3,Unknown,1
2022,Saskatchewan,2021A000247,Employment,"Total, all industries",Total - Gender,15 years and over,Persons in thousands,428,thousands,3,v2367462,9.2.1.1.1,577.8,Unknown,1
2023,Saskatchewan,2021A000247,Employment,"Total, all industries",Total - Gender,15 years and over,Persons in thousands,428,thousands,3,v2367462,9.2.1.1.1,587.0,Unknown,1
2024,Saskatchewan,2021A000247,Employment,"Total, all industries",Total - Gender,15 years and over,Persons in thousands,428,thousands,3,v2367462,9.2.1.1.1,602.2,Unknown,1
2020,Saskatchewan,2021A000247,Employment,Goods-producing sector,Total - Gender,15 years and over,Persons in thousands,428,thousands,3,v2367463,9.2.2.1.1,134.7,Unknown,1
2021,Saskatchewan,2021A000247,Employment,Goods-producing sector,Total - Gender,15 years and over,Persons in thousands,428,thousands,3,v2367463,9.2.2.1.1,133.3,Unknown,1
2022,Saskatchewan,2021A000247,Employment,Goods-producing sector,Total - Gender,15 years and over,Persons in thousands,428,thousands,3,v2367463,9.2.2.1.1,133.5,Unknown,1
2023,Saskatchewan,2021A000247,Employment,Goods-producing sector,Total - Gender,15 years and over,Persons in thousands,428,thousands,3,v2367463,9.2.2.1.1,128.9,Unknown,1
2024,Saskatchewan,2021A000247,Employment,Goods-producing sector,Total - Gender,15 years and over,Persons in thousands,428,thousands,3,v2367463,9.2.2.1.1,130.3,Unknown,1
2020,Saskatchewan,2021A000247,Employment,"Agriculture [111-112, 1100, 1151-1152]",Total - Gender,15 years and over,Persons in thousands,428,thousands,3,v2367464,9.2.3.1.1,37.5,Unknown,1
2021,Saskatchewan,2021A000247,Employment,"Agriculture [111-112, 1100, 1151-1152]",Total - Gender,15 years and over,Persons in thousands,428,thousands,3,v2367464,9.2.3.1.1,32.1,Unknown,1
2022,Saskatchewan,2021A000247,Employment,"Agriculture [111-112, 1100, 1151-1152]",Total - Gender,15 years and over,Persons in thousands,428,thousands,3,v2367464,9.2.3.1.1,29.7,Unknown,1
2023,Saskatchewan,2021A000247,Employment,"Agriculture [111-112, 1100, 1151-1152]",Total - Gender,15 years and over,Persons in thousands,428,thousands,3,v2367464,9.2.3.1.1,25.8,Unknown,1
2024,Saskatchewan,2021A000247,Employment,"Agriculture [111-112, 1100, 1151-1152]",Total - Gender,15 years and over,Persons in thousands,428,thousands,3,v2367464,9.2.3.1.1,27.0,Unknown,1
2020,Saskatchewan,2021A000247,Employment,"Forestry, fishing, mining, quarrying, oil and gas [21, 113-114, 1153, 2100]",Total - Gender,15 years and over,Persons in thousands,428,thousands,3,v2367465,9.2.4.1.1,20.6,Unknown,1
2021,Saskatchewan,2021A000247,Employment,"Forestry, fishing, mining, quarrying, oil and gas [21, 113-114, 1153, 2100]",Total - Gender,15 years and over,Persons in thousands,428,thousands,3,v2367465,9.2.4.1.1,21.4,Unknown,1
2022,Saskatchewan,2021A000247,Employment,"Forestry, fishing, mining, quarrying, oil and gas [21, 113-114, 1153, 2100]",Total - Gender,15 years and over,Persons in thousands,428,thousands,3,v2367465,9.2.4.1.1,19.7,Unknown,1
2023,Saskatchewan,2021A000247,Employment,"Forestry, fishing, mining, quarrying, oil and gas [21, 113-114, 1153, 2100]",Total - Gender,15 years and over,Persons in thousands,428,thousands,3,v2367465,9.2.4.1.1,20.5,Unknown,1
2024,Saskatchewan,2021A000247,Employment,"Forestry, fishing, mining, quarrying, oil and gas [21, 113-114, 1153, 2100]",Total - Gender,15 years and over,Persons in thousands,428,thousands,3,v2367465,9.2.4.1.1,22.0,Unknown,1
2020,Saskatchewan,2021A000247,Employment,"Forestry and logging and support activities for forestry [113, 1153]",Total - Gender,15 years and over,Persons in thousands,428,thousands,3,v2367466,9.2.5.1.1,0.5,Unknown,1
2021,Saskatchewan,2021A000247,Employment,"Forestry and logging and support activities for forestry [113, 1153]",Total - Gender,15 years and over,Persons in thousands,428,thousands,3,v2367466,9.2.5.1.1,0.7,Unknown,1
2022,Saskatchewan,2021A000247,Employment,"Forestry and logging and support activities for forestry [113, 1153]",Total - Gender,15 years and over,Persons in thousands,428,thousands,3,v2367466,9.2.5.1.1,0.6,Unknown,1
2023,Saskatchewan,2021A000247,Employment,"Forestry and logging and support activities for forestry [113, 1153]",Total - Gender,15 years and over,Persons in thousands,428,thousands,3,v2367466,9.2.5.1.1,0.7,Unknown,1
2024,Saskatchewan,2021A000247,Employment,"Forestry and logging and support activities for forestry [113, 1153]",Total - Gender,15 years and over,Persons in thousands,428,thousands,3,v2367466,9.2.5.1.1,1.1,Unknown,1
2020,Saskatchewan,2021A000247,Employment,"Fishing, hunting and trapping [114]",Total - Gender,15 years and over,Persons in thousands,428,thousands,3,v2367467,9.2.6.1.1,410.97272727272724,x,1
2021,Saskatchewan,2021A000247,Employment,"Fishing, hunting and trapping [114]",Total - Gender,15 years and over,Persons in thousands,428,thousands,3,v2367467,9.2.6.1.1,410.97272727272724,x,1
2022,Saskatchewan,2021A000247,Employment,"Fishing, hunting and trapping [114]",Total - Gender,15 years and over,Persons in thousands,428,thousands,3,v2367467,9.2.6.1.1,410.97272727272724,x,1
2023,Saskatchewan,2021A000247,Employment,"Fishing, hunting and trapping [114]",Total - Gender,15 years and over,Persons in thousands,428,thousands,3,v2367467,9.2.6.1.1,410.97272727272724,x,1
2024,Saskatchewan,2021A000247,Employment,"Fishing, hunting and trapping [114]",Total - Gender,15 years and over,Persons in thousands,428,thousands,3,v2367467,9.2.6.1.1,410.97272727272724,x,1
2020,Saskatchewan,2021A000247,Employment,"Mining, quarrying, and oil and gas extraction [21, 2100]",Total - Gender,15 years and over,Persons in thousands,428,thousands,3,v2367468,9.2.7.1.1,19.9,Unknown,1
2021,Saskatchewan,2021A000247,Employment,"Mining, quarrying, and oil and gas extraction [21, 2100]",Total - Gender,15 years and over,Persons in thousands,428,thousands,3,v2367468,9.2.7.1.1,20.5,Unknown,1
2022,Saskatchewan,2021A000247,Employment,"Mining, quarrying, and oil and gas extraction [21, 2100]",Total - Gender,15 years and over,Persons in thousands,428,thousands,3,v2367468,9.2.7.1.1,19.1,Unknown,1
2023,Saskatchewan,2021A000247,Employment,"Mining, quarrying, and oil and gas extraction [21, 2100]",Total - Gender,15 years and over,Persons in thousands,428,thousands,3,v2367468,9.2.7.1.1,19.7,Unknown,1
2024,Saskatchewan,2021A000247,Employment,"Mining, quarrying, and oil and gas extraction [21, 2100]",Total - Gender,15 years and over,Persons in thousands,428,thousands,3,v2367468,9.2.7.1.1,20.9,Unknown,1
2020,Saskatchewan,2021A000247,Employment,Utilities [22],Total - Gender,15 years and over,Persons in thousands,428,thousands,3,v2367469,9.2.8.1.1,6.7,Unknown,1
2021,Saskatchewan,2021A000247,Employment,Utilities [22],Total - Gender,15 years and over,Persons in thousands,428,thousands,3,v2367469,9.2.8.1.1,6.0,Unknown,1
2022,Saskatchewan,2021A000247,Employment,Utilities [22],Total - Gender,15 years and over,Persons in thousands,428,thousands,3,v2367469,9.2.8.1.1,6.6,Unknown,1
2023,Saskatchewan,2021A000247,Employment,Utilities [22],Total - Gender,15 years and over,Persons in thousands,428,thousands,3,v2367469,9.2.8.1.1,7.6,Unknown,1
2024,Saskatchewan,2021A000247,Employment,Utilities [22],Total - Gender,15 years and over,Persons in thousands,428,thousands,3,v2367469,9.2.8.1.1,6.2,Unknown,1
2020,Saskatchewan,2021A000247,Employment,Construction [23],Total - Gender,15 years and over,Persons in thousands,428,thousands,3,v2367470,9.2.9.1.1,39.4,Unknown,1
2021,Saskatchewan,2021A000247,Employment,Construction [23],Total - Gender,15 years and over,Persons in thousands,428,thousands,3,v2367470,9.2.9.1.1,42.6,Unknown,1
2022,Saskatchewan,2021A000247,Employment,Construction [23],Total - Gender,15 years and over,Persons in thousands,428,thousands,3,v2367470,9.2.9.1.1,46.0,Unknown,1
2023,Saskatchewan,2021A000247,Employment,Construction [23],Total - Gender,15 years and over,Persons in thousands,428,thousands,3,v2367470,9.2.9.1.1,42.7,Unknown,1
2024,Saskatchewan,2021A000247,Employment,Construction [23],Total - Gender,15 years and over,Persons in thousands,428,thousands,3,v2367470,9.2.9.1.1,42.7,Unknown,1
2020,Saskatchewan,2021A000247,Employment,Manufacturing [31-33],Total - Gender,15 years and over,Persons in thousands,428,thousands,3,v2367471,9.2.10.1.1,30.5,Unknown,1
2021,Saskatchewan,2021A000247,Employment,Manufacturing [31-33],Total - Gender,15 years and over,Persons in thousands,428,thousands,3,v2367471,9.2.10.1.1,31.2,Unknown,1
2022,Saskatchewan,2021A000247,Employment,Manufacturing [31-33],Total - Gender,15 years and over,Persons in thousands,428,thousands,3,v2367471,9.2.10.1.1,31.4,Unknown,1
2023,Saskatchewan,2021A000247,Employment,Manufacturing [31-33],Total - Gender,15 years and over,Persons in thousands,428,thousands,3,v2367471,9.2.10.1.1,32.4,Unknown,1
2024,Saskatchewan,2021A000247,Employment,Manufacturing [31-33],Total - Gender,15 years and over,Persons in thousands,428,thousands,3,v2367471,9.2.10.1.1,32.4,Unknown,1
2020,Saskatchewan,2021A000247,Employment,"Durables [321, 327, 331-339]",Total - Gender,15 years and over,Persons in thousands,428,thousands,3,v2367472,9.2.11.1.1,18.7,Unknown,1
2021,Saskatchewan,2021A000247,Employment,"Durables [321, 327, 331-339]",Total - Gender,15 years and over,Persons in thousands,428,thousands,3,v2367472,9.2.11.1.1,18.4,Unknown,1
2022,Saskatchewan,2021A000247,Employment,"Durables [321, 327, 331-339]",Total - Gender,15 years and over,Persons in thousands,428,thousands,3,v2367472,9.2.11.1.1,18.7,Unknown,1
2023,Saskatchewan,2021A000247,Employment,"Durables [321, 327, 331-339]",Total - Gender,15 years and over,Persons in thousands,428,thousands,3,v2367472,9.2.11.1.1,20.2,Unknown,1
2024,Saskatchewan,2021A000247,Employment,"Durables [321, 327, 331-339]",Total - Gender,15 years and over,Persons in thousands,428,thousands,3,v2367472,9.2.11.1.1,18.2,Unknown,1
2020,Saskatchewan,2021A000247,Employment,"Non-durables [311-316, 322-326]",Total - Gender,15 years and over,Persons in thousands,428,thousands,3,v2367473,9.2.12.1.1,11.8,Unknown,1
2021,Saskatchewan,2021A000247,Employment,"Non-durables [311-316, 322-326]",Total - Gender,15 years and over,Persons in thousands,428,thousands,3,v2367473,9.2.12.1.1,12.7,Unknown,1
2022,Saskatchewan,2021A000247,Employment,"Non-durables [311-316, 322-326]",Total - Gender,15 years and over,Persons in thousands,428,thousands,3,v2367473,9.2.12.1.1,12.8,Unknown,1
2023,Saskatchewan,2021A000247,Employment,"Non-durables [311-316, 322-326]",Total - Gender,15 years and over,Persons in thousands,428,thousands,3,v2367473,9.2.12.1.1,12.2,Unknown,1
2024,Saskatchewan,2021A000247,Employment,"Non-durables [311-316, 322-326]",Total - Gender,15 years and over,Persons in thousands,428,thousands,3,v2367473,9.2.12.1.1,14.2,Unknown,1
2020,Saskatchewan,2021A000247,Employment,Services-producing sector,Total - Gender,15 years and over,Persons in thousands,428,thousands,3,v2367489,9.2.13.1.1,410.6,Unknown,1
2021,Saskatchewan,2021A000247,Employment,Services-producing sector,Total - Gender,15 years and over,Persons in thousands,428,thousands,3,v2367489,9.2.13.1.1,425.1,Unknown,1
2022,Saskatchewan,2021A000247,Employment,Services-producing sector,Total - Gender,15 years and over,Persons in thousands,428,thousands,3,v2367489,9.2.13.1.1,444.4,Unknown,1
2023,Saskatchewan,2021A000247,Employment,Services-producing sector,Total - Gender,15 years and over,Persons in thousands,428,thousands,3,v2367489,9.2.13.1.1,458.1,Unknown,1
2024,Saskatchewan,2021A000247,Employment,Services-producing sector,Total - Gender,15 years and over,Persons in thousands,428,thousands,3,v2367489,9.2.13.1.1,472.0,Unknown,1
2020,Saskatchewan,2021A000247,Employment,"Wholesale and retail trade [41, 44-45]",Total - Gender,15 years and over,Persons in thousands,428,thousands,3,v2367488,9.2.14.1.1,86.6,Unknown,1
2021,Saskatchewan,2021A000247,Employment,"Wholesale and retail trade [41, 44-45]",Total - Gender,15 years and over,Persons in thousands,428,thousands,3,v2367488,9.2.14.1.1,94.1,Unknown,1
2022,Saskatchewan,2021A000247,Employment,"Wholesale and retail trade [41, 44-45]",Total - Gender,15 years and over,Persons in thousands,428,thousands,3,v2367488,9.2.14.1.1,97.5,Unknown,1
2023,Saskatchewan,2021A000247,Employment,"Wholesale and retail trade [41, 44-45]",Total - Gender,15 years and over,Persons in thousands,428,thousands,3,v2367488,9.2.14.1.1,98.8,Unknown,1
2024,Saskatchewan,2021A000247,Employment,"Wholesale and retail trade [41, 44-45]",Total - Gender,15 years and over,Persons in thousands,428,thousands,3,v2367488,9.2.14.1.1,100.1,Unknown,1
2020,Saskatchewan,2021A000247,Employment,Wholesale trade [41],Total - Gender,15 years and over,Persons in thousands,428,thousands,3,v2367474,9.2.15.1.1,23.4,Unknown,1
2021,Saskatchewan,2021A000247,Employment,Wholesale trade [41],Total - Gender,15 years and over,Persons in thousands,428,thousands,3,v2367474,9.2.15.1.1,23.1,Unknown,1
2022,Saskatchewan,2021A000247,Employment,Wholesale trade [41],Total - Gender,15 years and over,Persons in thousands,428,thousands,3,v2367474,9.2.15.1.1,24.3,Unknown,1
2023,Saskatchewan,2021A000247,Employment,Wholesale trade [41],Total - Gender,15 years and over,Persons in thousands,428,thousands,3,v2367474,9.2.15.1.1,25.7,Unknown,1
2024,Saskatchewan,2021A000247,Employment,Wholesale trade [41],Total - Gender,15 years and over,Persons in thousands,428,thousands,3,v2367474,9.2.15.1.1,27.8,Unknown,1
2020,Saskatchewan,2021A000247,Employment,Retail trade [44-45],Total - Gender,15 years and over,Persons in thousands,428,thousands,3,v2367475,9.2.16.1.1,63.2,Unknown,1
2021,Saskatchewan,2021A000247,Employment,Retail trade [44-45],Total - Gender,15 years and over,Persons in thousands,428,thousands,3,v2367475,9.2.16.1.1,71.0,Unknown,1
2022,Saskatchewan,2021A000247,Employment,Retail trade [44-45],Total - Gender,15 years and over,Persons in thousands,428,thousands,3,v2367475,9.2.16.1.1,73.1,Unknown,1
2023,Saskatchewan,2021A000247,Employment,Retail trade [44-45],Total - Gender,15 years and over,Persons in thousands,428,thousands,3,v2367475,9.2.16.1.1,73.1,Unknown,1
2024,Saskatchewan,2021A000247,Employment,Retail trade [44-45],Total - Gender,15 years and over,Persons in thousands,428,thousands,3,v2367475,9.2.16.1.1,72.3,Unknown,1
2020,Saskatchewan,2021A000247,Employment,Transportation and warehousing [48-49],Total - Gender,15 years and over,Persons in thousands,428,thousands,3,v2367476,9.2.17.1.1,23.7,Unknown,1
2021,Saskatchewan,2021A000247,Employment,Transportation and warehousing [48-49],Total - Gender,15 years and over,Persons in thousands,428,thousands,3,v2367476,9.2.17.1.1,23.7,Unknown,1
2022,Saskatchewan,2021A000247,Employment,Transportation and warehousing [48-49],Total - Gender,15 years and over,Persons in thousands,428,thousands,3,v2367476,9.2.17.1.1,25.4,Unknown,1
2023,Saskatchewan,2021A000247,Employment,Transportation and warehousing [48-49],Total - Gender,15 years and over,Persons in thousands,428,thousands,3,v2367476,9.2.17.1.1,28.2,Unknown,1
2024,Saskatchewan,2021A000247,Employment,Transportation and warehousing [48-49],Total - Gender,15 years and over,Persons in thousands,428,thousands,3,v2367476,9.2.17.1.1,29.0,Unknown,1
2020,Saskatchewan,2021A000247,Employment,"Finance, insurance, real estate, rental and leasing [52, 53]",Total - Gender,15 years and over,Persons in thousands,428,thousands,3,v2367477,9.2.18.1.1,29.2,Unknown,1
2021,Saskatchewan,2021A000247,Employment,"Finance, insurance, real estate, rental and leasing [52, 53]",Total - Gender,15 years and over,Persons in thousands,428,thousands,3,v2367477,9.2.18.1.1,28.2,Unknown,1
2022,Saskatchewan,2021A000247,Employment,"Finance, insurance, real estate, rental and leasing [52, 53]",Total - Gender,15 years and over,Persons in thousands,428,thousands,3,v2367477,9.2.18.1.1,30.6,Unknown,1
2023,Saskatchewan,2021A000247,Employment,"Finance, insurance, real estate, rental and leasing [52, 53]",Total - Gender,15 years and over,Persons in thousands,428,thousands,3,v2367477,9.2.18.1.1,28.9,Unknown,1
2024,Saskatchewan,2021A000247,Employment,"Finance, insurance, real estate, rental and leasing [52, 53]",Total - Gender,15 years and over,Persons in thousands,428,thousands,3,v2367477,9.2.18.1.1,27.8,Unknown,1
2020,Saskatchewan,2021A000247,Employment,Finance and insurance [52],Total - Gender,15 years and over,Persons in thousands,428,thousands,3,v2367478,9.2.19.1.1,22.0,Unknown,1
2021,Saskatchewan,2021A000247,Employment,Finance and insurance [52],Total - Gender,15 years and over,Persons in thousands,428,thousands,3,v2367478,9.2.19.1.1,21.6,Unknown,1
2022,Saskatchewan,2021A000247,Employment,Finance and insurance [52],Total - Gender,15 years and over,Persons in thousands,428,thousands,3,v2367478,9.2.19.1.1,23.8,Unknown,1
2023,Saskatchewan,2021A000247,Employment,Finance and insurance [52],Total - Gender,15 years and over,Persons in thousands,428,thousands,3,v2367478,9.2.19.1.1,21.5,Unknown,1
2024,Saskatchewan,2021A000247,Employment,Finance and insurance [52],Total - Gender,15 years and over,Persons in thousands,428,thousands,3,v2367478,9.2.19.1.1,21.5,Unknown,1
2020,Saskatchewan,2021A000247,Employment,Real estate and rental and leasing [53],Total - Gender,15 years and over,Persons in thousands,428,thousands,3,v2367479,9.2.20.1.1,7.3,Unknown,1
2021,Saskatchewan,2021A000247,Employment,Real estate and rental and leasing [53],Total - Gender,15 years and over,Persons in thousands,428,thousands,3,v2367479,9.2.20.1.1,6.6,Unknown,1
2022,Saskatchewan,2021A000247,Employment,Real estate and rental and leasing [53],Total - Gender,15 years and over,Persons in thousands,428,thousands,3,v2367479,9.2.20.1.1,6.8,Unknown,1
2023,Saskatchewan,2021A000247,Employment,Real estate and rental and leasing [53],Total - Gender,15 years and over,Persons in thousands,428,thousands,3,v2367479,9.2.20.1.1,7.4,Unknown,1
2024,Saskatchewan,2021A000247,Employment,Real estate and rental and leasing [53],Total - Gender,15 years and over,Persons in thousands,428,thousands,3,v2367479,9.2.20.1.1,6.4,Unknown,1
2020,Saskatchewan,2021A000247,Employment,"Professional, scientific and technical services [54]",Total - Gender,15 years and over,Persons in thousands,428,thousands,3,v2367480,9.2.21.1.1,25.9,Unknown,1
2021,Saskatchewan,2021A000247,Employment,"Professional, scientific and technical services [54]",Total - Gender,15 years and over,Persons in thousands,428,thousands,3,v2367480,9.2.21.1.1,25.8,Unknown,1
2022,Saskatchewan,2021A000247,Employment,"Professional, scientific and technical services [54]",Total - Gender,15 years and over,Persons in thousands,428,thousands,3,v2367480,9.2.21.1.1,28.3,Unknown,1
2023,Saskatchewan,2021A000247,Employment,"Professional, scientific and technical services [54]",Total - Gender,15 years and over,Persons in thousands,428,thousands,3,v2367480,9.2.21.1.1,34.6,Unknown,1
2024,Saskatchewan,2021A000247,Employment,"Professional, scientific and technical services [54]",Total - Gender,15 years and over,Persons in thousands,428,thousands,3,v2367480,9.2.21.1.1,36.7,Unknown,1
2020,Saskatchewan,2021A000247,Employment,"Business, building and other support services [55, 56]",Total - Gender,15 years and over,Persons in thousands,428,thousands,3,v2367481,9.2.22.1.1,15.4,Unknown,1
2021,Saskatchewan,2021A000247,Employment,"Business, building and other support services [55, 56]",Total - Gender,15 years and over,Persons in thousands,428,thousands,3,v2367481,9.2.22.1.1,15.0,Unknown,1
2022,Saskatchewan,2021A000247,Employment,"Business, building and other support services [55, 56]",Total - Gender,15 years and over,Persons in thousands,428,thousands,3,v2367481,9.2.22.1.1,11.7,Unknown,1
2023,Saskatchewan,2021A000247,Employment,"Business, building and other support services [55, 56]",Total - Gender,15 years and over,Persons in thousands,428,thousands,3,v2367481,9.2.22.1.1,14.1,Unknown,1
2024,Saskatchewan,2021A000247,Employment,"Business, building and other support services [55, 56]",Total - Gender,15 years and over,Persons in thousands,428,thousands,3,v2367481,9.2.22.1.1,13.1,Unknown,1
2020,Saskatchewan,2021A000247,Employment,Educational services [61],Total - Gender,15 years and over,Persons in thousands,428,thousands,3,v2367482,9.2.23.1.1,43.5,Unknown,1
2021,Saskatchewan,2021A000247,Employment,Educational services [61],Total - Gender,15 years and over,Persons in thousands,428,thousands,3,v2367482,9.2.23.1.1,45.3,Unknown,1
2022,Saskatchewan,2021A000247,Employment,Educational services [61],Total - Gender,15 years and over,Persons in thousands,428,thousands,3,v2367482,9.2.23.1.1,47.6,Unknown,1
2023,Saskatchewan,2021A000247,Employment,Educational services [61],Total - Gender,15 years and over,Persons in thousands,428,thousands,3,v2367482,9.2.23.1.1,51.5,Unknown,1
2024,Saskatchewan,2021A000247,Employment,Educational services [61],Total - Gender,15 years and over,Persons in thousands,428,thousands,3,v2367482,9.2.23.1.1,55.3,Unknown,1
2020,Saskatchewan,2021A000247,Employment,Health care and social assistance [62],Total - Gender,15 years and over,Persons in thousands,428,thousands,3,v2367483,9.2.24.1.1,81.1,Unknown,1
2021,Saskatchewan,2021A000247,Employment,Health care and social assistance [62],Total - Gender,15 years and over,Persons in thousands,428,thousands,3,v2367483,9.2.24.1.1,87.2,Unknown,1
2022,Saskatchewan,2021A000247,Employment,Health care and social assistance [62],Total - Gender,15 years and over,Persons in thousands,428,thousands,3,v2367483,9.2.24.1.1,92.1,Unknown,1
2023,Saskatchewan,2021A000247,Employment,Health care and social assistance [62],Total - Gender,15 years and over,Persons in thousands,428,thousands,3,v2367483,9.2.24.1.1,89.8,Unknown,1
2024,Saskatchewan,2021A000247,Employment,Health care and social assistance [62],Total - Gender,15 years and over,Persons in thousands,428,thousands,3,v2367483,9.2.24.1.1,93.7,Unknown,1
2020,Saskatchewan,2021A000247,Employment,"Information, culture and recreation [51, 71]",Total - Gender,15 years and over,Persons in thousands,428,thousands,3,v2367484,9.2.25.1.1,18.2,Unknown,1
2021,Saskatchewan,2021A000247,Employment,"Information, culture and recreation [51, 71]",Total - Gender,15 years and over,Persons in thousands,428,thousands,3,v2367484,9.2.25.1.1,17.4,Unknown,1
2022,Saskatchewan,2021A000247,Employment,"Information, culture and recreation [51, 71]",Total - Gender,15 years and over,Persons in thousands,428,thousands,3,v2367484,9.2.25.1.1,19.0,Unknown,1
2023,Saskatchewan,2021A000247,Employment,"Information, culture and recreation [51, 71]",Total - Gender,15 years and over,Persons in thousands,428,thousands,3,v2367484,9.2.25.1.1,20.1,Unknown,1
2024,Saskatchewan,2021A000247,Employment,"Information, culture and recreation [51, 71]",Total - Gender,15 years and over,Persons in thousands,428,thousands,3,v2367484,9.2.25.1.1,21.4,Unknown,1
2020,Saskatchewan,2021A000247,Employment,Accommodation and food services [72],Total - Gender,15 years and over,Persons in thousands,428,thousands,3,v2367485,9.2.26.1.1,26.6,Unknown,1
2021,Saskatchewan,2021A000247,Employment,Accommodation and food services [72],Total - Gender,15 years and over,Persons in thousands,428,thousands,3,v2367485,9.2.26.1.1,27.0,Unknown,1
2022,Saskatchewan,2021A000247,Employment,Accommodation and food services [72],Total - Gender,15 years and over,Persons in thousands,428,thousands,3,v2367485,9.2.26.1.1,30.0,Unknown,1
2023,Saskatchewan,2021A000247,Employment,Accommodation and food services [72],Total - Gender,15 years and over,Persons in thousands,428,thousands,3,v2367485,9.2.26.1.1,30.3,Unknown,1
2024,Saskatchewan,2021A000247,Employment,Accommodation and food services [72],Total - Gender,15 years and over,Persons in thousands,428,thousands,3,v2367485,9.2.26.1.1,31.6,Unknown,1
2020,Saskatchewan,2021A000247,Employment,Other services (except public administration) [81],Total - Gender,15 years and over,Persons in thousands,428,thousands,3,v2367486,9.2.27.1.1,27.0,Unknown,1
2021,Saskatchewan,2021A000247,Employment,Other services (except public administration) [81],Total - Gender,15 years and over,Persons in thousands,428,thousands,3,v2367486,9.2.27.1.1,25.5,Unknown,1
2022,Saskatchewan,2021A000247,Employment,Other services (except public administration) [81],Total - Gender,15 years and over,Persons in thousands,428,thousands,3,v2367486,9.2.27.1.1,26.8,Unknown,1
2023,Saskatchewan,2021A000247,Employment,Other services (except public administration) [81],Total - Gender,15 years and over,Persons in thousands,428,thousands,3,v2367486,9.2.27.1.1,25.8,Unknown,1
2024,Saskatchewan,2021A000247,Employment,Other services (except public administration) [81],Total - Gender,15 years and over,Persons in thousands,428,thousands,3,v2367486,9.2.27.1.1,26.1,Unknown,1
2020,Saskatchewan,2021A000247,Employment,Public administration [91],Total - Gender,15 years and over,Persons in thousands,428,thousands,3,v2367487,9.2.28.1.1,33.4,Unknown,1
2021,Saskatchewan,2021A000247,Employment,Public administration [91],Total - Gender,15 years and over,Persons in thousands,428,thousands,3,v2367487,9.2.28.1.1,35.9,Unknown,1
2022,Saskatchewan,2021A000247,Employment,Public administration [91],Total - Gender,15 years and over,Persons in thousands,428,thousands,3,v2367487,9.2.28.1.1,35.3,Unknown,1
2023,Saskatchewan,2021A000247,Employment,Public administration [91],Total - Gender,15 years and over,Persons in thousands,428,thousands,3,v2367487,9.2.28.1.1,36.0,Unknown,1
2024,Saskatchewan,2021A000247,Employment,Public administration [91],Total - Gender,15 years and over,Persons in thousands,428,thousands,3,v2367487,9.2.28.1.1,37.2,Unknown,1
2021,Alberta,2021A000248,Employment,"Total, all industries",Total - Gender,15 years and over,Persons in thousands,428,thousands,3,v2367972,10.2.1.1.1,2245.9,Unknown,1
2022,Alberta,2021A000248,Employment,"Total, all industries",Total - Gender,15 years and over,Persons in thousands,428,thousands,3,v2367972,10.2.1.1.1,2356.0,Unknown,1
2023,Alberta,2021A000248,Employment,"Total, all industries",Total - Gender,15 years and over,Persons in thousands,428,thousands,3,v2367972,10.2.1.1.1,2442.6,Unknown,1
2024,Alberta,2021A000248,Employment,"Total, all industries",Total - Gender,15 years and over,Persons in thousands,428,thousands,3,v2367972,10.2.1.1.1,2518.9,Unknown,1
2020,Alberta,2021A000248,Employment,Goods-producing sector,Total - Gender,15 years and over,Persons in thousands,428,thousands,3,v2367973,10.2.2.1.1,542.2,Unknown,1
2021,Alberta,2021A000248,Employment,Goods-producing sector,Total - Gender,15 years and over,Persons in thousands,428,thousands,3,v2367973,10.2.2.1.1,548.4,Unknown,1
2022,Alberta,2021A000248,Employment,Goods-producing sector,Total - Gender,15 years and over,Persons in thousands,428,thousands,3,v2367973,10.2.2.1.1,562.1,Unknown,1
2023,Alberta,2021A000248,Employment,Goods-producing sector,Total - Gender,15 years and over,Persons in thousands,428,thousands,3,v2367973,10.2.2.1.1,589.3,Unknown,1
2024,Alberta,2021A000248,Employment,Goods-producing sector,Total - Gender,15 years and over,Persons in thousands,428,thousands,3,v2367973,10.2.2.1.1,611.3,Unknown,1
2020,Alberta,2021A000248,Employment,"Agriculture [111-112, 1100, 1151-1152]",Total - Gender,15 years and over,Persons in thousands,428,thousands,3,v2367974,10.2.3.1.1,48.9,Unknown,1
2021,Alberta,2021A000248,Employment,"Agriculture [111-112, 1100, 1151-1152]",Total - Gender,15 years and over,Persons in thousands,428,thousands,3,v2367974,10.2.3.1.1,41.4,Unknown,1
2022,Alberta,2021A000248,Employment,"Agriculture [111-112, 1100, 1151-1152]",Total - Gender,15 years and over,Persons in thousands,428,thousands,3,v2367974,10.2.3.1.1,43.1,Unknown,1
2023,Alberta,2021A000248,Employment,"Agriculture [111-112, 1100, 1151-1152]",Total - Gender,15 years and over,Persons in thousands,428,thousands,3,v2367974,10.2.3.1.1,46.6,Unknown,1
2024,Alberta,2021A000248,Employment,"Agriculture [111-112, 1100, 1151-1152]",Total - Gender,15 years and over,Persons in thousands,428,thousands,3,v2367974,10.2.3.1.1,36.2,Unknown,1
2020,Alberta,2021A000248,Employment,"Forestry, fishing, mining, quarrying, oil and gas [21, 113-114, 1153, 2100]",Total - Gender,15 years and over,Persons in thousands,428,thousands,3,v2367975,10.2.4.1.1,129.7,Unknown,1
2021,Alberta,2021A000248,Employment,"Forestry, fishing, mining, quarrying, oil and gas [21, 113-114, 1153, 2100]",Total - Gender,15 years and over,Persons in thousands,428,thousands,3,v2367975,10.2.4.1.1,138.6,Unknown,1
2022,Alberta,2021A000248,Employment,"Forestry, fishing, mining, quarrying, oil and gas [21, 113-114, 1153, 2100]",Total - Gender,15 years and over,Persons in thousands,428,thousands,3,v2367975,10.2.4.1.1,134.8,Unknown,1
2023,Alberta,2021A000248,Employment,"Forestry, fishing, mining, quarrying, oil and gas [21, 113-114, 1153, 2100]",Total - Gender,15 years and over,Persons in thousands,428,thousands,3,v2367975,10.2.4.1.1,135.9,Unknown,1
2024,Alberta,2021A000248,Employment,"Forestry, fishing, mining, quarrying, oil and gas [21, 113-114, 1153, 2100]",Total - Gender,15 years and over,Persons in thousands,428,thousands,3,v2367975,10.2.4.1.1,154.4,Unknown,1
2020,Alberta,2021A000248,Employment,"Forestry and logging and support activities for forestry [113, 1153]",Total - Gender,15 years and over,Persons in thousands,428,thousands,3,v2367976,10.2.5.1.1,4.7,Unknown,1
2021,Alberta,2021A000248,Employment,"Forestry and logging and support activities for forestry [113, 1153]",Total - Gender,15 years and over,Persons in thousands,428,thousands,3,v2367976,10.2.5.1.1,2.1,Unknown,1
2022,Alberta,2021A000248,Employment,"Forestry and logging and support activities for forestry [113, 1153]",Total - Gender,15 years and over,Persons in thousands,428,thousands,3,v2367976,10.2.5.1.1,5.2,Unknown,1
2023,Alberta,2021A000248,Employment,"Forestry and logging and support activities for forestry [113, 1153]",Total - Gender,15 years and over,Persons in thousands,428,thousands,3,v2367976,10.2.5.1.1,3.5,Unknown,1
2024,Alberta,2021A000248,Employment,"Forestry and logging and support activities for forestry [113, 1153]",Total - Gender,15 years and over,Persons in thousands,428,thousands,3,v2367976,10.2.5.1.1,4.3,Unknown,1
2020,Alberta,2021A000248,Employment,"Fishing, hunting and trapping [114]",Total - Gender,15 years and over,Persons in thousands,428,thousands,3,v2367977,10.2.6.1.1,410.97272727272724,x,1
2021,Alberta,2021A000248,Employment,"Fishing, hunting and trapping [114]",Total - Gender,15 years and over,Persons in thousands,428,thousands,3,v2367977,10.2.6.1.1,410.97272727272724,x,1
2022,Alberta,2021A000248,Employment,"Fishing, hunting and trapping [114]",Total - Gender,15 years and over,Persons in thousands,428,thousands,3,v2367977,10.2.6.1.1,410.97272727272724,x,1
2023,Alberta,2021A000248,Employment,"Fishing, hunting and trapping [114]",Total - Gender,15 years and over,Persons in thousands,428,thousands,3,v2367977,10.2.6.1.1,410.97272727272724,x,1
2024,Alberta,2021A000248,Employment,"Fishing, hunting and trapping [114]",Total - Gender,15 years and over,Persons in thousands,428,thousands,3,v2367977,10.2.6.1.1,410.97272727272724,x,1
2020,Alberta,2021A000248,Employment,"Mining, quarrying, and oil and gas extraction [21, 2100]",Total - Gender,15 years and over,Persons in thousands,428,thousands,3,v2367978,10.2.7.1.1,125.0,Unknown,1
2021,Alberta,2021A000248,Employment,"Mining, quarrying, and oil and gas extraction [21, 2100]",Total - Gender,15 years and over,Persons in thousands,428,thousands,3,v2367978,10.2.7.1.1,136.5,Unknown,1
2022,Alberta,2021A000248,Employment,"Mining, quarrying, and oil and gas extraction [21, 2100]",Total - Gender,15 years and over,Persons in thousands,428,thousands,3,v2367978,10.2.7.1.1,129.5,Unknown,1
2023,Alberta,2021A000248,Employment,"Mining, quarrying, and oil and gas extraction [21, 2100]",Total - Gender,15 years and over,Persons in thousands,428,thousands,3,v2367978,10.2.7.1.1,132.3,Unknown,1
2024,Alberta,2021A000248,Employment,"Mining, quarrying, and oil and gas extraction [21, 2100]",Total - Gender,15 years and over,Persons in thousands,428,thousands,3,v2367978,10.2.7.1.1,150.2,Unknown,1
2020,Alberta,2021A000248,Employment,Utilities [22],Total - Gender,15 years and over,Persons in thousands,428,thousands,3,v2367979,10.2.8.1.1,20.3,Unknown,1
2021,Alberta,2021A000248,Employment,Utilities [22],Total - Gender,15 years and over,Persons in thousands,428,thousands,3,v2367979,10.2.8.1.1,18.8,Unknown,1
2022,Alberta,2021A000248,Employment,Utilities [22],Total - Gender,15 years and over,Persons in thousands,428,thousands,3,v2367979,10.2.8.1.1,19.3,Unknown,1
2023,Alberta,2021A000248,Employment,Utilities [22],Total - Gender,15 years and over,Persons in thousands,428,thousands,3,v2367979,10.2.8.1.1,20.1,Unknown,1
2024,Alberta,2021A000248,Employment,Utilities [22],Total - Gender,15 years and over,Persons in thousands,428,thousands,3,v2367979,10.2.8.1.1,20.8,Unknown,1
2020,Alberta,2021A000248,Employment,Construction [23],Total - Gender,15 years and over,Persons in thousands,428,thousands,3,v2367980,10.2.9.1.1,217.5,Unknown,1
2021,Alberta,2021A000248,Employment,Construction [23],Total - Gender,15 years and over,Persons in thousands,428,thousands,3,v2367980,10.2.9.1.1,225.3,Unknown,1
2022,Alberta,2021A000248,Employment,Construction [23],Total - Gender,15 years and over,Persons in thousands,428,thousands,3,v2367980,10.2.9.1.1,232.8,Unknown,1
2023,Alberta,2021A000248,Employment,Construction [23],Total - Gender,15 years and over,Persons in thousands,428,thousands,3,v2367980,10.2.9.1.1,240.1,Unknown,1
2024,Alberta,2021A000248,Employment,Construction [23],Total - Gender,15 years and over,Persons in thousands,428,thousands,3,v2367980,10.2.9.1.1,246.5,Unknown,1
2020,Alberta,2021A000248,Employment,Manufacturing [31-33],Total - Gender,15 years and over,Persons in thousands,428,thousands,3,v2367981,10.2.10.1.1,125.8,Unknown,1
2021,Alberta,2021A000248,Employment,Manufacturing [31-33],Total - Gender,15 years and over,Persons in thousands,428,thousands,3,v2367981,10.2.10.1.1,124.3,Unknown,1
2022,Alberta,2021A000248,Employment,Manufacturing [31-33],Total - Gender,15 years and over,Persons in thousands,428,thousands,3,v2367981,10.2.10.1.1,132.1,Unknown,1
2023,Alberta,2021A000248,Employment,Manufacturing [31-33],Total - Gender,15 years and over,Persons in thousands,428,thousands,3,v2367981,10.2.10.1.1,146.6,Unknown,1
2024,Alberta,2021A000248,Employment,Manufacturing [31-33],Total - Gender,15 years and over,Persons in thousands,428,thousands,3,v2367981,10.2.10.1.1,153.4,Unknown,1
2020,Alberta,2021A000248,Employment,"Durables [321, 327, 331-339]",Total - Gender,15 years and over,Persons in thousands,428,thousands,3,v2367982,10.2.11.1.1,68.9,Unknown,1
2021,Alberta,2021A000248,Employment,"Durables [321, 327, 331-339]",Total - Gender,15 years and over,Persons in thousands,428,thousands,3,v2367982,10.2.11.1.1,70.5,Unknown,1
2022,Alberta,2021A000248,Employment,"Durables [321, 327, 331-339]",Total - Gender,15 years and over,Persons in thousands,428,thousands,3,v2367982,10.2.11.1.1,71.5,Unknown,1
2023,Alberta,2021A000248,Employment,"Durables [321, 327, 331-339]",Total - Gender,15 years and over,Persons in thousands,428,thousands,3,v2367982,10.2.11.1.1,79.2,Unknown,1
2024,Alberta,2021A000248,Employment,"Durables [321, 327, 331-339]",Total - Gender,15 years and over,Persons in thousands,428,thousands,3,v2367982,10.2.11.1.1,93.2,Unknown,1
2020,Alberta,2021A000248,Employment,"Non-durables [311-316, 322-326]",Total - Gender,15 years and over,Persons in thousands,428,thousands,3,v2367983,10.2.12.1.1,56.9,Unknown,1
2021,Alberta,2021A000248,Employment,"Non-durables [311-316, 322-326]",Total - Gender,15 years and over,Persons in thousands,428,thousands,3,v2367983,10.2.12.1.1,53.8,Unknown,1
2022,Alberta,2021A000248,Employment,"Non-durables [311-316, 322-326]",Total - Gender,15 years and over,Persons in thousands,428,thousands,3,v2367983,10.2.12.1.1,60.6,Unknown,1
2023,Alberta,2021A000248,Employment,"Non-durables [311-316, 322-326]",Total - Gender,15 years and over,Persons in thousands,428,thousands,3,v2367983,10.2.12.1.1,67.4,Unknown,1
2024,Alberta,2021A000248,Employment,"Non-durables [311-316, 322-326]",Total - Gender,15 years and over,Persons in thousands,428,thousands,3,v2367983,10.2.12.1.1,60.2,Unknown,1
2020,Alberta,2021A000248,Employment,Services-producing sector,Total - Gender,15 years and over,Persons in thousands,428,thousands,3,v2367999,10.2.13.1.1,1594.9,Unknown,1
2021,Alberta,2021A000248,Employment,Services-producing sector,Total - Gender,15 years and over,Persons in thousands,428,thousands,3,v2367999,10.2.13.1.1,1697.6,Unknown,1
2022,Alberta,2021A000248,Employment,Services-producing sector,Total - Gender,15 years and over,Persons in thousands,428,thousands,3,v2367999,10.2.13.1.1,1793.9,Unknown,1
2023,Alberta,2021A000248,Employment,Services-producing sector,Total - Gender,15 years and over,Persons in thousands,428,thousands,3,v2367999,10.2.13.1.1,1853.4,Unknown,1
2024,Alberta,2021A000248,Employment,Services-producing sector,Total - Gender,15 years and over,Persons in thousands,428,thousands,3,v2367999,10.2.13.1.1,1907.6,Unknown,1
2020,Alberta,2021A000248,Employment,"Wholesale and retail trade [41, 44-45]",Total - Gender,15 years and over,Persons in thousands,428,thousands,3,v2367998,10.2.14.1.1,316.1,Unknown,1
2021,Alberta,2021A000248,Employment,"Wholesale and retail trade [41, 44-45]",Total - Gender,15 years and over,Persons in thousands,428,thousands,3,v2367998,10.2.14.1.1,342.8,Unknown,1
2022,Alberta,2021A000248,Employment,"Wholesale and retail trade [41, 44-45]",Total - Gender,15 years and over,Persons in thousands,428,thousands,3,v2367998,10.2.14.1.1,363.5,Unknown,1
2023,Alberta,2021A000248,Employment,"Wholesale and retail trade [41, 44-45]",Total - Gender,15 years and over,Persons in thousands,428,thousands,3,v2367998,10.2.14.1.1,361.4,Unknown,1
2024,Alberta,2021A000248,Employment,"Wholesale and retail trade [41, 44-45]",Total - Gender,15 years and over,Persons in thousands,428,thousands,3,v2367998,10.2.14.1.1,353.8,Unknown,1
2020,Alberta,2021A000248,Employment,Wholesale trade [41],Total - Gender,15 years and over,Persons in thousands,428,thousands,3,v2367984,10.2.15.1.1,86.1,Unknown,1
2021,Alberta,2021A000248,Employment,Wholesale trade [41],Total - Gender,15 years and over,Persons in thousands,428,thousands,3,v2367984,10.2.15.1.1,75.5,Unknown,1
2022,Alberta,2021A000248,Employment,Wholesale trade [41],Total - Gender,15 years and over,Persons in thousands,428,thousands,3,v2367984,10.2.15.1.1,86.6,Unknown,1
2023,Alberta,2021A000248,Employment,Wholesale trade [41],Total - Gender,15 years and over,Persons in thousands,428,thousands,3,v2367984,10.2.15.1.1,95.4,Unknown,1
2024,Alberta,2021A000248,Employment,Wholesale trade [41],Total - Gender,15 years and over,Persons in thousands,428,thousands,3,v2367984,10.2.15.1.1,94.0,Unknown,1
2020,Alberta,2021A000248,Employment,Retail trade [44-45],Total - Gender,15 years and over,Persons in thousands,428,thousands,3,v2367985,10.2.16.1.1,230.0,Unknown,1
2021,Alberta,2021A000248,Employment,Retail trade [44-45],Total - Gender,15 years and over,Persons in thousands,428,thousands,3,v2367985,10.2.16.1.1,267.3,Unknown,1
2022,Alberta,2021A000248,Employment,Retail trade [44-45],Total - Gender,15 years and over,Persons in thousands,428,thousands,3,v2367985,10.2.16.1.1,276.9,Unknown,1
2023,Alberta,2021A000248,Employment,Retail trade [44-45],Total - Gender,15 years and over,Persons in thousands,428,thousands,3,v2367985,10.2.16.1.1,266.0,Unknown,1
2024,Alberta,2021A000248,Employment,Retail trade [44-45],Total - Gender,15 years and over,Persons in thousands,428,thousands,3,v2367985,10.2.16.1.1,259.9,Unknown,1
2020,Alberta,2021A000248,Employment,Transportation and warehousing [48-49],Total - Gender,15 years and over,Persons in thousands,428,thousands,3,v2367986,10.2.17.1.1,124.8,Unknown,1
2021,Alberta,2021A000248,Employment,Transportation and warehousing [48-49],Total - Gender,15 years and over,Persons in thousands,428,thousands,3,v2367986,10.2.17.1.1,131.9,Unknown,1
2022,Alberta,2021A000248,Employment,Transportation and warehousing [48-49],Total - Gender,15 years and over,Persons in thousands,428,thousands,3,v2367986,10.2.17.1.1,130.1,Unknown,1
2023,Alberta,2021A000248,Employment,Transportation and warehousing [48-49],Total - Gender,15 years and over,Persons in thousands,428,thousands,3,v2367986,10.2.17.1.1,140.3,Unknown,1
2024,Alberta,2021A000248,Employment,Transportation and warehousing [48-49],Total - Gender,15 years and over,Persons in thousands,428,thousands,3,v2367986,10.2.17.1.1,144.4,Unknown,1
2020,Alberta,2021A000248,Employment,"Finance, insurance, real estate, rental and leasing [52, 53]",Total - Gender,15 years and over,Persons in thousands,428,thousands,3,v2367987,10.2.18.1.1,109.4,Unknown,1
2021,Alberta,2021A000248,Employment,"Finance, insurance, real estate, rental and leasing [52, 53]",Total - Gender,15 years and over,Persons in thousands,428,thousands,3,v2367987,10.2.18.1.1,123.1,Unknown,1
2022,Alberta,2021A000248,Employment,"Finance, insurance, real estate, rental and leasing [52, 53]",Total - Gender,15 years and over,Persons in thousands,428,thousands,3,v2367987,10.2.18.1.1,123.9,Unknown,1
2023,Alberta,2021A000248,Employment,"Finance, insurance, real estate, rental and leasing [52, 53]",Total - Gender,15 years and over,Persons in thousands,428,thousands,3,v2367987,10.2.18.1.1,126.9,Unknown,1
2024,Alberta,2021A000248,Employment,"Finance, insurance, real estate, rental and leasing [52, 53]",Total - Gender,15 years and over,Persons in thousands,428,thousands,3,v2367987,10.2.18.1.1,132.9,Unknown,1
2020,Alberta,2021A000248,Employment,Finance and insurance [52],Total - Gender,15 years and over,Persons in thousands,428,thousands,3,v2367988,10.2.19.1.1,71.7,Unknown,1
2021,Alberta,2021A000248,Employment,Finance and insurance [52],Total - Gender,15 years and over,Persons in thousands,428,thousands,3,v2367988,10.2.19.1.1,76.5,Unknown,1
2022,Alberta,2021A000248,Employment,Finance and insurance [52],Total - Gender,15 years and over,Persons in thousands,428,thousands,3,v2367988,10.2.19.1.1,79.6,Unknown,1
2023,Alberta,2021A000248,Employment,Finance and insurance [52],Total - Gender,15 years and over,Persons in thousands,428,thousands,3,v2367988,10.2.19.1.1,77.5,Unknown,1
2024,Alberta,2021A000248,Employment,Finance and insurance [52],Total - Gender,15 years and over,Persons in thousands,428,thousands,3,v2367988,10.2.19.1.1,84.7,Unknown,1
2020,Alberta,2021A000248,Employment,Real estate and rental and leasing [53],Total - Gender,15 years and over,Persons in thousands,428,thousands,3,v2367989,10.2.20.1.1,37.7,Unknown,1
2021,Alberta,2021A000248,Employment,Real estate and rental and leasing [53],Total - Gender,15 years and over,Persons in thousands,428,thousands,3,v2367989,10.2.20.1.1,46.6,Unknown,1
2022,Alberta,2021A000248,Employment,Real estate and rental and leasing [53],Total - Gender,15 years and over,Persons in thousands,428,thousands,3,v2367989,10.2.20.1.1,44.3,Unknown,1
2023,Alberta,2021A000248,Employment,Real estate and rental and leasing [53],Total - Gender,15 years and over,Persons in thousands,428,thousands,3,v2367989,10.2.20.1.1,49.5,Unknown,1
2024,Alberta,2021A000248,Employment,Real estate and rental and leasing [53],Total - Gender,15 years and over,Persons in thousands,428,thousands,3,v2367989,10.2.20.1.1,48.2,Unknown,1
2020,Alberta,2021A000248,Employment,"Professional, scientific and technical services [54]",Total - Gender,15 years and over,Persons in thousands,428,thousands,3,v2367990,10.2.21.1.1,173.6,Unknown,1
2021,Alberta,2021A000248,Employment,"Professional, scientific and technical services [54]",Total - Gender,15 years and over,Persons in thousands,428,thousands,3,v2367990,10.2.21.1.1,189.3,Unknown,1
2022,Alberta,2021A000248,Employment,"Professional, scientific and technical services [54]",Total - Gender,15 years and over,Persons in thousands,428,thousands,3,v2367990,10.2.21.1.1,215.6,Unknown,1
2023,Alberta,2021A000248,Employment,"Professional, scientific and technical services [54]",Total - Gender,15 years and over,Persons in thousands,428,thousands,3,v2367990,10.2.21.1.1,241.2,Unknown,1
2024,Alberta,2021A000248,Employment,"Professional, scientific and technical services [54]",Total - Gender,15 years and over,Persons in thousands,428,thousands,3,v2367990,10.2.21.1.1,238.0,Unknown,1
2020,Alberta,2021A000248,Employment,"Business, building and other support services [55, 56]",Total - Gender,15 years and over,Persons in thousands,428,thousands,3,v2367991,10.2.22.1.1,67.2,Unknown,1
2021,Alberta,2021A000248,Employment,"Business, building and other support services [55, 56]",Total - Gender,15 years and over,Persons in thousands,428,thousands,3,v2367991,10.2.22.1.1,68.5,Unknown,1
2022,Alberta,2021A000248,Employment,"Business, building and other support services [55, 56]",Total - Gender,15 years and over,Persons in thousands,428,thousands,3,v2367991,10.2.22.1.1,74.1,Unknown,1
2023,Alberta,2021A000248,Employment,"Business, building and other support services [55, 56]",Total - Gender,15 years and over,Persons in thousands,428,thousands,3,v2367991,10.2.22.1.1,75.7,Unknown,1
2024,Alberta,2021A000248,Employment,"Business, building and other support services [55, 56]",Total - Gender,15 years and over,Persons in thousands,428,thousands,3,v2367991,10.2.22.1.1,83.3,Unknown,1
2020,Alberta,2021A000248,Employment,Educational services [61],Total - Gender,15 years and over,Persons in thousands,428,thousands,3,v2367992,10.2.23.1.1,144.2,Unknown,1
2021,Alberta,2021A000248,Employment,Educational services [61],Total - Gender,15 years and over,Persons in thousands,428,thousands,3,v2367992,10.2.23.1.1,167.0,Unknown,1
2022,Alberta,2021A000248,Employment,Educational services [61],Total - Gender,15 years and over,Persons in thousands,428,thousands,3,v2367992,10.2.23.1.1,168.2,Unknown,1
2023,Alberta,2021A000248,Employment,Educational services [61],Total - Gender,15 years and over,Persons in thousands,428,thousands,3,v2367992,10.2.23.1.1,162.2,Unknown,1
2024,Alberta,2021A000248,Employment,Educational services [61],Total - Gender,15 years and over,Persons in thousands,428,thousands,3,v2367992,10.2.23.1.1,168.9,Unknown,1
2020,Alberta,2021A000248,Employment,Health care and social assistance [62],Total - Gender,15 years and over,Persons in thousands,428,thousands,3,v2367993,10.2.24.1.1,284.1,Unknown,1
2021,Alberta,2021A000248,Employment,Health care and social assistance [62],Total - Gender,15 years and over,Persons in thousands,428,thousands,3,v2367993,10.2.24.1.1,305.5,Unknown,1
2022,Alberta,2021A000248,Employment,Health care and social assistance [62],Total - Gender,15 years and over,Persons in thousands,428,thousands,3,v2367993,10.2.24.1.1,311.9,Unknown,1
2023,Alberta,2021A000248,Employment,Health care and social assistance [62],Total - Gender,15 years and over,Persons in thousands,428,thousands,3,v2367993,10.2.24.1.1,320.5,Unknown,1
2024,Alberta,2021A000248,Employment,Health care and social assistance [62],Total - Gender,15 years and over,Persons in thousands,428,thousands,3,v2367993,10.2.24.1.1,326.7,Unknown,1
2020,Alberta,2021A000248,Employment,"Information, culture and recreation [51, 71]",Total - Gender,15 years and over,Persons in thousands,428,thousands,3,v2367994,10.2.25.1.1,70.2,Unknown,1
2021,Alberta,2021A000248,Employment,"Information, culture and recreation [51, 71]",Total - Gender,15 years and over,Persons in thousands,428,thousands,3,v2367994,10.2.25.1.1,63.8,Unknown,1
2022,Alberta,2021A000248,Employment,"Information, culture and recreation [51, 71]",Total - Gender,15 years and over,Persons in thousands,428,thousands,3,v2367994,10.2.25.1.1,77.8,Unknown,1
2023,Alberta,2021A000248,Employment,"Information, culture and recreation [51, 71]",Total - Gender,15 years and over,Persons in thousands,428,thousands,3,v2367994,10.2.25.1.1,81.4,Unknown,1
2024,Alberta,2021A000248,Employment,"Information, culture and recreation [51, 71]",Total - Gender,15 years and over,Persons in thousands,428,thousands,3,v2367994,10.2.25.1.1,86.2,Unknown,1
2020,Alberta,2021A000248,Employment,Accommodation and food services [72],Total - Gender,15 years and over,Persons in thousands,428,thousands,3,v2367995,10.2.26.1.1,109.1,Unknown,1
2021,Alberta,2021A000248,Employment,Accommodation and food services [72],Total - Gender,15 years and over,Persons in thousands,428,thousands,3,v2367995,10.2.26.1.1,110.2,Unknown,1
2022,Alberta,2021A000248,Employment,Accommodation and food services [72],Total - Gender,15 years and over,Persons in thousands,428,thousands,3,v2367995,10.2.26.1.1,125.0,Unknown,1
2023,Alberta,2021A000248,Employment,Accommodation and food services [72],Total - Gender,15 years and over,Persons in thousands,428,thousands,3,v2367995,10.2.26.1.1,131.6,Unknown,1
2024,Alberta,2021A000248,Employment,Accommodation and food services [72],Total - Gender,15 years and over,Persons in thousands,428,thousands,3,v2367995,10.2.26.1.1,144.6,Unknown,1
2020,Alberta,2021A000248,Employment,Other services (except public administration) [81],Total - Gender,15 years and over,Persons in thousands,428,thousands,3,v2367996,10.2.27.1.1,93.9,Unknown,1
2021,Alberta,2021A000248,Employment,Other services (except public administration) [81],Total - Gender,15 years and over,Persons in thousands,428,thousands,3,v2367996,10.2.27.1.1,94.2,Unknown,1
2022,Alberta,2021A000248,Employment,Other services (except public administration) [81],Total - Gender,15 years and over,Persons in thousands,428,thousands,3,v2367996,10.2.27.1.1,95.6,Unknown,1
2023,Alberta,2021A000248,Employment,Other services (except public administration) [81],Total - Gender,15 years and over,Persons in thousands,428,thousands,3,v2367996,10.2.27.1.1,100.8,Unknown,1
2024,Alberta,2021A000248,Employment,Other services (except public administration) [81],Total - Gender,15 years and over,Persons in thousands,428,thousands,3,v2367996,10.2.27.1.1,106.3,Unknown,1
2020,Alberta,2021A000248,Employment,Public administration [91],Total - Gender,15 years and over,Persons in thousands,428,thousands,3,v2367997,10.2.28.1.1,102.1,Unknown,1
2021,Alberta,2021A000248,Employment,Public administration [91],Total - Gender,15 years and over,Persons in thousands,428,thousands,3,v2367997,10.2.28.1.1,101.4,Unknown,1
2022,Alberta,2021A000248,Employment,Public administration [91],Total - Gender,15 years and over,Persons in thousands,428,thousands,3,v2367997,10.2.28.1.1,108.1,Unknown,1
2023,Alberta,2021A000248,Employment,Public administration [91],Total - Gender,15 years and over,Persons in thousands,428,thousands,3,v2367997,10.2.28.1.1,111.3,Unknown,1
2024,Alberta,2021A000248,Employment,Public administration [91],Total - Gender,15 years and over,Persons in thousands,428,thousands,3,v2367997,10.2.28.1.1,122.5,Unknown,1
2021,Canada,2021A000011124,Employment,"Total, all industries",Total - Gender,15 years and over,Persons in thousands,428,thousands,3,v2363382,1.2.1.1.1,18964.1,Unknown,1
2022,Canada,2021A000011124,Employment,"Total, all industries",Total - Gender,15 years and over,Persons in thousands,428,thousands,3,v2363382,1.2.1.1.1,19739.5,Unknown,1
2023,Canada,2021A000011124,Employment,"Total, all industries",Total - Gender,15 years and over,Persons in thousands,428,thousands,3,v2363382,1.2.1.1.1,20334.8,Unknown,1
2024,Canada,2021A000011124,Employment,"Total, all industries",Total - Gender,15 years and over,Persons in thousands,428,thousands,3,v2363382,1.2.1.1.1,20730.5,Unknown,1
2020,Canada,2021A000011124,Employment,Goods-producing sector,Total - Gender,15 years and over,Persons in thousands,428,thousands,3,v2363383,1.2.2.1.1,3815.4,Unknown,1
2021,Canada,2021A000011124,Employment,Goods-producing sector,Total - Gender,15 years and over,Persons in thousands,428,thousands,3,v2363383,1.2.2.1.1,3946.5,Unknown,1
2022,Canada,2021A000011124,Employment,Goods-producing sector,Total - Gender,15 years and over,Persons in thousands,428,thousands,3,v2363383,1.2.2.1.1,4091.2,Unknown,1
2023,Canada,2021A000011124,Employment,Goods-producing sector,Total - Gender,15 years and over,Persons in thousands,428,thousands,3,v2363383,1.2.2.1.1,4192.8,Unknown,1
2024,Canada,2021A000011124,Employment,Goods-producing sector,Total - Gender,15 years and over,Persons in thousands,428,thousands,3,v2363383,1.2.2.1.1,4194.9,Unknown,1
2020,Canada,2021A000011124,Employment,"Agriculture [111-112, 1100, 1151-1152]",Total - Gender,15 years and over,Persons in thousands,428,thousands,3,v2363384,1.2.3.1.1,281.1,Unknown,1
2021,Canada,2021A000011124,Employment,"Agriculture [111-112, 1100, 1151-1152]",Total - Gender,15 years and over,Persons in thousands,428,thousands,3,v2363384,1.2.3.1.1,261.8,Unknown,1
2022,Canada,2021A000011124,Employment,"Agriculture [111-112, 1100, 1151-1152]",Total - Gender,15 years and over,Persons in thousands,428,thousands,3,v2363384,1.2.3.1.1,261.7,Unknown,1
2023,Canada,2021A000011124,Employment,"Agriculture [111-112, 1100, 1151-1152]",Total - Gender,15 years and over,Persons in thousands,428,thousands,3,v2363384,1.2.3.1.1,258.0,Unknown,1
2024,Canada,2021A000011124,Employment,"Agriculture [111-112, 1100, 1151-1152]",Total - Gender,15 years and over,Persons in thousands,428,thousands,3,v2363384,1.2.3.1.1,231.7,Unknown,1
2020,Canada,2021A000011124,Employment,"Forestry, fishing, mining, quarrying, oil and gas [21, 113-114, 1153, 2100]",Total - Gender,15 years and over,Persons in thousands,428,thousands,3,v2363385,1.2.4.1.1,306.8,Unknown,1
2021,Canada,2021A000011124,Employment,"Forestry, fishing, mining, quarrying, oil and gas [21, 113-114, 1153, 2100]",Total - Gender,15 years and over,Persons in thousands,428,thousands,3,v2363385,1.2.4.1.1,325.9,Unknown,1
2022,Canada,2021A000011124,Employment,"Forestry, fishing, mining, quarrying, oil and gas [21, 113-114, 1153, 2100]",Total - Gender,15 years and over,Persons in thousands,428,thousands,3,v2363385,1.2.4.1.1,328.1,Unknown,1
2023,Canada,2021A000011124,Employment,"Forestry, fishing, mining, quarrying, oil and gas [21, 113-114, 1153, 2100]",Total - Gender,15 years and over,Persons in thousands,428,thousands,3,v2363385,1.2.4.1.1,331.0,Unknown,1
2024,Canada,2021A000011124,Employment,"Forestry, fishing, mining, quarrying, oil and gas [21, 113-114, 1153, 2100]",Total - Gender,15 years and over,Persons in thousands,428,thousands,3,v2363385,1.2.4.1.1,354.2,Unknown,1
2020,Canada,2021A000011124,Employment,"Forestry and logging and support activities for forestry [113, 1153]",Total - Gender,15 years and over,Persons in thousands,428,thousands,3,v2363386,1.2.5.1.1,49.8,Unknown,1
2021,Canada,2021A000011124,Employment,"Forestry and logging and support activities for forestry [113, 1153]",Total - Gender,15 years and over,Persons in thousands,428,thousands,3,v2363386,1.2.5.1.1,48.7,Unknown,1
2022,Canada,2021A000011124,Employment,"Forestry and logging and support activities for forestry [113, 1153]",Total - Gender,15 years and over,Persons in thousands,428,thousands,3,v2363386,1.2.5.1.1,46.4,Unknown,1
2023,Canada,2021A000011124,Employment,"Forestry and logging and support activities for forestry [113, 1153]",Total - Gender,15 years and over,Persons in thousands,428,thousands,3,v2363386,1.2.5.1.1,37.9,Unknown,1
2024,Canada,2021A000011124,Employment,"Forestry and logging and support activities for forestry [113, 1153]",Total - Gender,15 years and over,Persons in thousands,428,thousands,3,v2363386,1.2.5.1.1,42.0,Unknown,1
2020,Canada,2021A000011124,Employment,"Fishing, hunting and trapping [114]",Total - Gender,15 years and over,Persons in thousands,428,thousands,3,v2363387,1.2.6.1.1,19.3,Unknown,1
2021,Canada,2021A000011124,Employment,"Fishing, hunting and trapping [114]",Total - Gender,15 years and over,Persons in thousands,428,thousands,3,v2363387,1.2.6.1.1,19.1,Unknown,1
2022,Canada,2021A000011124,Employment,"Fishing, hunting and trapping [114]",Total - Gender,15 years and over,Persons in thousands,428,thousands,3,v2363387,1.2.6.1.1,16.9,Unknown,1
2023,Canada,2021A000011124,Employment,"Fishing, hunting and trapping [114]",Total - Gender,15 years and over,Persons in thousands,428,thousands,3,v2363387,1.2.6.1.1,15.6,Unknown,1
2024,Canada,2021A000011124,Employment,"Fishing, hunting and trapping [114]",Total - Gender,15 years and over,Persons in thousands,428,thousands,3,v2363387,1.2.6.1.1,15.4,Unknown,1
2020,Canada,2021A000011124,Employment,"Mining, quarrying, and oil and gas extraction [21, 2100]",Total - Gender,15 years and over,Persons in thousands,428,thousands,3,v2363388,1.2.7.1.1,237.7,Unknown,1
2021,Canada,2021A000011124,Employment,"Mining, quarrying, and oil and gas extraction [21, 2100]",Total - Gender,15 years and over,Persons in thousands,428,thousands,3,v2363388,1.2.7.1.1,258.1,Unknown,1
2022,Canada,2021A000011124,Employment,"Mining, quarrying, and oil and gas extraction [21, 2100]",Total - Gender,15 years and over,Persons in thousands,428,thousands,3,v2363388,1.2.7.1.1,264.8,Unknown,1
2023,Canada,2021A000011124,Employment,"Mining, quarrying, and oil and gas extraction [21, 2100]",Total - Gender,15 years and over,Persons in thousands,428,thousands,3,v2363388,1.2.7.1.1,277.6,Unknown,1
2024,Canada,2021A000011124,Employment,"Mining, quarrying, and oil and gas extraction [21, 2100]",Total - Gender,15 years and over,Persons in thousands,428,thousands,3,v2363388,1.2.7.1.1,296.8,Unknown,1
2020,Canada,2021A000011124,Employment,Utilities [22],Total - Gender,15 years and over,Persons in thousands,428,thousands,3,v2363389,1.2.8.1.1,133.8,Unknown,1
2021,Canada,2021A000011124,Employment,Utilities [22],Total - Gender,15 years and over,Persons in thousands,428,thousands,3,v2363389,1.2.8.1.1,140.7,Unknown,1
2022,Canada,2021A000011124,Employment,Utilities [22],Total - Gender,15 years and over,Persons in thousands,428,thousands,3,v2363389,1.2.8.1.1,150.8,Unknown,1
2023,Canada,2021A000011124,Employment,Utilities [22],Total - Gender,15 years and over,Persons in thousands,428,thousands,3,v2363389,1.2.8.1.1,159.2,Unknown,1
2024,Canada,2021A000011124,Employment,Utilities [22],Total - Gender,15 years and over,Persons in thousands,428,thousands,3,v2363389,1.2.8.1.1,153.0,Unknown,1
2020,Canada,2021A000011124,Employment,Construction [23],Total - Gender,15 years and over,Persons in thousands,428,thousands,3,v2363390,1.2.9.1.1,1414.2,Unknown,1
2021,Canada,2021A000011124,Employment,Construction [23],Total - Gender,15 years and over,Persons in thousands,428,thousands,3,v2363390,1.2.9.1.1,1461.1,Unknown,1
2022,Canada,2021A000011124,Employment,Construction [23],Total - Gender,15 years and over,Persons in thousands,428,thousands,3,v2363390,1.2.9.1.1,1552.6,Unknown,1
2023,Canada,2021A000011124,Employment,Construction [23],Total - Gender,15 years and over,Persons in thousands,428,thousands,3,v2363390,1.2.9.1.1,1601.0,Unknown,1
2024,Canada,2021A000011124,Employment,Construction [23],Total - Gender,15 years and over,Persons in thousands,428,thousands,3,v2363390,1.2.9.1.1,1607.3,Unknown,1
2020,Canada,2021A000011124,Employment,Manufacturing [31-33],Total - Gender,15 years and over,Persons in thousands,428,thousands,3,v2363391,1.2.10.1.1,1679.5,Unknown,1
2021,Canada,2021A000011124,Employment,Manufacturing [31-33],Total - Gender,15 years and over,Persons in thousands,428,thousands,3,v2363391,1.2.10.1.1,1757.0,Unknown,1
2022,Canada,2021A000011124,Employment,Manufacturing [31-33],Total - Gender,15 years and over,Persons in thousands,428,thousands,3,v2363391,1.2.10.1.1,1797.9,Unknown,1
2023,Canada,2021A000011124,Employment,Manufacturing [31-33],Total - Gender,15 years and over,Persons in thousands,428,thousands,3,v2363391,1.2.10.1.1,1843.5,Unknown,1
2024,Canada,2021A000011124,Employment,Manufacturing [31-33],Total - Gender,15 years and over,Persons in thousands,428,thousands,3,v2363391,1.2.10.1.1,1848.8,Unknown,1
2020,Canada,2021A000011124,Employment,"Durables [321, 327, 331-339]",Total - Gender,15 years and over,Persons in thousands,428,thousands,3,v2363392,1.2.11.1.1,996.6,Unknown,1
2021,Canada,2021A000011124,Employment,"Durables [321, 327, 331-339]",Total - Gender,15 years and over,Persons in thousands,428,thousands,3,v2363392,1.2.11.1.1,1042.9,Unknown,1
2022,Canada,2021A000011124,Employment,"Durables [321, 327, 331-339]",Total - Gender,15 years and over,Persons in thousands,428,thousands,3,v2363392,1.2.11.1.1,1071.8,Unknown,1
2023,Canada,2021A000011124,Employment,"Durables [321, 327, 331-339]",Total - Gender,15 years and over,Persons in thousands,428,thousands,3,v2363392,1.2.11.1.1,1121.8,Unknown,1
2024,Canada,2021A000011124,Employment,"Durables [321, 327, 331-339]",Total - Gender,15 years and over,Persons in thousands,428,thousands,3,v2363392,1.2.11.1.1,1131.8,Unknown,1
2020,Canada,2021A000011124,Employment,"Non-durables [311-316, 322-326]",Total - Gender,15 years and over,Persons in thousands,428,thousands,3,v2363393,1.2.12.1.1,682.9,Unknown,1
2021,Canada,2021A000011124,Employment,"Non-durables [311-316, 322-326]",Total - Gender,15 years and over,Persons in thousands,428,thousands,3,v2363393,1.2.12.1.1,714.2,Unknown,1
2022,Canada,2021A000011124,Employment,"Non-durables [311-316, 322-326]",Total - Gender,15 years and over,Persons in thousands,428,thousands,3,v2363393,1.2.12.1.1,726.1,Unknown,1
2023,Canada,2021A000011124,Employment,"Non-durables [311-316, 322-326]",Total - Gender,15 years and over,Persons in thousands,428,thousands,3,v2363393,1.2.12.1.1,721.7,Unknown,1
2024,Canada,2021A000011124,Employment,"Non-durables [311-316, 322-326]",Total - Gender,15 years and over,Persons in thousands,428,thousands,3,v2363393,1.2.12.1.1,717.0,Unknown,1
2020,Canada,2021A000011124,Employment,Services-producing sector,Total - Gender,15 years and over,Persons in thousands,428,thousands,3,v2363409,1.2.13.1.1,14253.1,Unknown,1
2021,Canada,2021A000011124,Employment,Services-producing sector,Total - Gender,15 years and over,Persons in thousands,428,thousands,3,v2363409,1.2.13.1.1,15017.6,Unknown,1
2022,Canada,2021A000011124,Employment,Services-producing sector,Total - Gender,15 years and over,Persons in thousands,428,thousands,3,v2363409,1.2.13.1.1,15648.3,Unknown,1
2023,Canada,2021A000011124,Employment,Services-producing sector,Total - Gender,15 years and over,Persons in thousands,428,thousands,3,v2363409,1.2.13.1.1,16141.9,Unknown,1
2024,Canada,2021A000011124,Employment,Services-producing sector,Total - Gender,15 years and over,Persons in thousands,428,thousands,3,v2363409,1.2.13.1.1,16535.6,Unknown,1
2020,Canada,2021A000011124,Employment,"Wholesale and retail trade [41, 44-45]",Total - Gender,15 years and over,Persons in thousands,428,thousands,3,v2363408,1.2.14.1.1,2762.5,Unknown,1
2021,Canada,2021A000011124,Employment,"Wholesale and retail trade [41, 44-45]",Total - Gender,15 years and over,Persons in thousands,428,thousands,3,v2363408,1.2.14.1.1,2879.7,Unknown,1
2022,Canada,2021A000011124,Employment,"Wholesale and retail trade [41, 44-45]",Total - Gender,15 years and over,Persons in thousands,428,thousands,3,v2363408,1.2.14.1.1,2989.5,Unknown,1
2023,Canada,2021A000011124,Employment,"Wholesale and retail trade [41, 44-45]",Total - Gender,15 years and over,Persons in thousands,428,thousands,3,v2363408,1.2.14.1.1,2989.5,Unknown,1
2024,Canada,2021A000011124,Employment,"Wholesale and retail trade [41, 44-45]",Total - Gender,15 years and over,Persons in thousands,428,thousands,3,v2363408,1.2.14.1.1,2940.4,Unknown,1
2020,Canada,2021A000011124,Employment,Wholesale trade [41],Total - Gender,15 years and over,Persons in thousands,428,thousands,3,v2363394,1.2.15.1.1,637.7,Unknown,1
2021,Canada,2021A000011124,Employment,Wholesale trade [41],Total - Gender,15 years and over,Persons in thousands,428,thousands,3,v2363394,1.2.15.1.1,657.6,Unknown,1
2022,Canada,2021A000011124,Employment,Wholesale trade [41],Total - Gender,15 years and over,Persons in thousands,428,thousands,3,v2363394,1.2.15.1.1,690.0,Unknown,1
2023,Canada,2021A000011124,Employment,Wholesale trade [41],Total - Gender,15 years and over,Persons in thousands,428,thousands,3,v2363394,1.2.15.1.1,699.0,Unknown,1
2024,Canada,2021A000011124,Employment,Wholesale trade [41],Total - Gender,15 years and over,Persons in thousands,428,thousands,3,v2363394,1.2.15.1.1,715.0,Unknown,1
2020,Canada,2021A000011124,Employment,Retail trade [44-45],Total - Gender,15 years and over,Persons in thousands,428,thousands,3,v2363395,1.2.16.1.1,2124.7,Unknown,1
2021,Canada,2021A000011124,Employment,Retail trade [44-45],Total - Gender,15 years and over,Persons in thousands,428,thousands,3,v2363395,1.2.16.1.1,2222.2,Unknown,1
2022,Canada,2021A000011124,Employment,Retail trade [44-45],Total - Gender,15 years and over,Persons in thousands,428,thousands,3,v2363395,1.2.16.1.1,2299.5,Unknown,1
2023,Canada,2021A000011124,Employment,Retail trade [44-45],Total - Gender,15 years and over,Persons in thousands,428,thousands,3,v2363395,1.2.16.1.1,2290.4,Unknown,1
2024,Canada,2021A000011124,Employment,Retail trade [44-45],Total - Gender,15 years and over,Persons in thousands,428,thousands,3,v2363395,1.2.16.1.1,2225.4,Unknown,1
2020,Canada,2021A000011124,Employment,Transportation and warehousing [48-49],Total - Gender,15 years and over,Persons in thousands,428,thousands,3,v2363396,1.2.17.1.1,945.7,Unknown,1
2021,Canada,2021A000011124,Employment,Transportation and warehousing [48-49],Total - Gender,15 years and over,Persons in thousands,428,thousands,3,v2363396,1.2.17.1.1,986.7,Unknown,1
2022,Canada,2021A000011124,Employment,Transportation and warehousing [48-49],Total - Gender,15 years and over,Persons in thousands,428,thousands,3,v2363396,1.2.17.1.1,990.4,Unknown,1
2023,Canada,2021A000011124,Employment,Transportation and warehousing [48-49],Total - Gender,15 years and over,Persons in thousands,428,thousands,3,v2363396,1.2.17.1.1,1033.7,Unknown,1
2024,Canada,2021A000011124,Employment,Transportation and warehousing [48-49],Total - Gender,15 years and over,Persons in thousands,428,thousands,3,v2363396,1.2.17.1.1,1086.6,Unknown,1
2020,Canada,2021A000011124,Employment,"Finance, insurance, real estate, rental and leasing [52, 53]",Total - Gender,15 years and over,Persons in thousands,428,thousands,3,v2363397,1.2.18.1.1,1236.6,Unknown,1
2021,Canada,2021A000011124,Employment,"Finance, insurance, real estate, rental and leasing [52, 53]",Total - Gender,15 years and over,Persons in thousands,428,thousands,3,v2363397,1.2.18.1.1,1320.5,Unknown,1
2022,Canada,2021A000011124,Employment,"Finance, insurance, real estate, rental and leasing [52, 53]",Total - Gender,15 years and over,Persons in thousands,428,thousands,3,v2363397,1.2.18.1.1,1360.2,Unknown,1
2023,Canada,2021A000011124,Employment,"Finance, insurance, real estate, rental and leasing [52, 53]",Total - Gender,15 years and over,Persons in thousands,428,thousands,3,v2363397,1.2.18.1.1,1384.9,Unknown,1
2024,Canada,2021A000011124,Employment,"Finance, insurance, real estate, rental and leasing [52, 53]",Total - Gender,15 years and over,Persons in thousands,428,thousands,3,v2363397,1.2.18.1.1,1424.3,Unknown,1
2020,Canada,2021A000011124,Employment,Finance and insurance [52],Total - Gender,15 years and over,Persons in thousands,428,thousands,3,v2363398,1.2.19.1.1,912.8,Unknown,1
2021,Canada,2021A000011124,Employment,Finance and insurance [52],Total - Gender,15 years and over,Persons in thousands,428,thousands,3,v2363398,1.2.19.1.1,963.9,Unknown,1
2022,Canada,2021A000011124,Employment,Finance and insurance [52],Total - Gender,15 years and over,Persons in thousands,428,thousands,3,v2363398,1.2.19.1.1,993.8,Unknown,1
2023,Canada,2021A000011124,Employment,Finance and insurance [52],Total - Gender,15 years and over,Persons in thousands,428,thousands,3,v2363398,1.2.19.1.1,1020.5,Unknown,1
2024,Canada,2021A000011124,Employment,Finance and insurance [52],Total - Gender,15 years and over,Persons in thousands,428,thousands,3,v2363398,1.2.19.1.1,1034.9,Unknown,1
2020,Canada,2021A000011124,Employment,Real estate and rental and leasing [53],Total - Gender,15 years and over,Persons in thousands,428,thousands,3,v2363399,1.2.20.1.1,323.8,Unknown,1
2021,Canada,2021A000011124,Employment,Real estate and rental and leasing [53],Total - Gender,15 years and over,Persons in thousands,428,thousands,3,v2363399,1.2.20.1.1,356.6,Unknown,1
2022,Canada,2021A000011124,Employment,Real estate and rental and leasing [53],Total - Gender,15 years and over,Persons in thousands,428,thousands,3,v2363399,1.2.20.1.1,366.4,Unknown,1
2023,Canada,2021A000011124,Employment,Real estate and rental and leasing [53],Total - Gender,15 years and over,Persons in thousands,428,thousands,3,v2363399,1.2.20.1.1,364.4,Unknown,1
2024,Canada,2021A000011124,Employment,Real estate and rental and leasing [53],Total - Gender,15 years and over,Persons in thousands,428,thousands,3,v2363399,1.2.20.1.1,389.4,Unknown,1
2020,Canada,2021A000011124,Employment,"Professional, scientific and technical services [54]",Total - Gender,15 years and over,Persons in thousands,428,thousands,3,v2363400,1.2.21.1.1,1567.3,Unknown,1
2021,Canada,2021A000011124,Employment,"Professional, scientific and technical services [54]",Total - Gender,15 years and over,Persons in thousands,428,thousands,3,v2363400,1.2.21.1.1,1699.5,Unknown,1
2022,Canada,2021A000011124,Employment,"Professional, scientific and technical services [54]",Total - Gender,15 years and over,Persons in thousands,428,thousands,3,v2363400,1.2.21.1.1,1818.1,Unknown,1
2023,Canada,2021A000011124,Employment,"Professional, scientific and technical services [54]",Total - Gender,15 years and over,Persons in thousands,428,thousands,3,v2363400,1.2.21.1.1,1895.4,Unknown,1
2024,Canada,2021A000011124,Employment,"Professional, scientific and technical services [54]",Total - Gender,15 years and over,Persons in thousands,428,thousands,3,v2363400,1.2.21.1.1,1976.5,Unknown,1
2020,Canada,2021A000011124,Employment,"Business, building and other support services [55, 56]",Total - Gender,15 years and over,Persons in thousands,428,thousands,3,v2363401,1.2.22.1.1,685.7,Unknown,1
2021,Canada,2021A000011124,Employment,"Business, building and other support services [55, 56]",Total - Gender,15 years and over,Persons in thousands,428,thousands,3,v2363401,1.2.22.1.1,683.3,Unknown,1
2022,Canada,2021A000011124,Employment,"Business, building and other support services [55, 56]",Total - Gender,15 years and over,Persons in thousands,428,thousands,3,v2363401,1.2.22.1.1,690.9,Unknown,1
2023,Canada,2021A000011124,Employment,"Business, building and other support services [55, 56]",Total - Gender,15 years and over,Persons in thousands,428,thousands,3,v2363401,1.2.22.1.1,693.6,Unknown,1
2024,Canada,2021A000011124,Employment,"Business, building and other support services [55, 56]",Total - Gender,15 years and over,Persons in thousands,428,thousands,3,v2363401,1.2.22.1.1,707.0,Unknown,1
2020,Canada,2021A000011124,Employment,Educational services [61],Total - Gender,15 years and over,Persons in thousands,428,thousands,3,v2363402,1.2.23.1.1,1319.5,Unknown,1
2021,Canada,2021A000011124,Employment,Educational services [61],Total - Gender,15 years and over,Persons in thousands,428,thousands,3,v2363402,1.2.23.1.1,1450.9,Unknown,1
2022,Canada,2021A000011124,Employment,Educational services [61],Total - Gender,15 years and over,Persons in thousands,428,thousands,3,v2363402,1.2.23.1.1,1480.1,Unknown,1
2023,Canada,2021A000011124,Employment,Educational services [61],Total - Gender,15 years and over,Persons in thousands,428,thousands,3,v2363402,1.2.23.1.1,1515.8,Unknown,1
2024,Canada,2021A000011124,Employment,Educational services [61],Total - Gender,15 years and over,Persons in thousands,428,thousands,3,v2363402,1.2.23.1.1,1569.7,Unknown,1
2020,Canada,2021A000011124,Employment,Health care and social assistance [62],Total - Gender,15 years and over,Persons in thousands,428,thousands,3,v2363403,1.2.24.1.1,2409.1,Unknown,1
2021,Canada,2021A000011124,Employment,Health care and social assistance [62],Total - Gender,15 years and over,Persons in thousands,428,thousands,3,v2363403,1.2.24.1.1,2525.4,Unknown,1
2022,Canada,2021A000011124,Employment,Health care and social assistance [62],Total - Gender,15 years and over,Persons in thousands,428,thousands,3,v2363403,1.2.24.1.1,2615.5,Unknown,1
2023,Canada,2021A000011124,Employment,Health care and social assistance [62],Total - Gender,15 years and over,Persons in thousands,428,thousands,3,v2363403,1.2.24.1.1,2696.7,Unknown,1
2024,Canada,2021A000011124,Employment,Health care and social assistance [62],Total - Gender,15 years and over,Persons in thousands,428,thousands,3,v2363403,1.2.24.1.1,2819.5,Unknown,1
2020,Canada,2021A000011124,Employment,"Information, culture and recreation [51, 71]",Total - Gender,15 years and over,Persons in thousands,428,thousands,3,v2363404,1.2.25.1.1,677.1,Unknown,1
2021,Canada,2021A000011124,Employment,"Information, culture and recreation [51, 71]",Total - Gender,15 years and over,Persons in thousands,428,thousands,3,v2363404,1.2.25.1.1,715.1,Unknown,1
2022,Canada,2021A000011124,Employment,"Information, culture and recreation [51, 71]",Total - Gender,15 years and over,Persons in thousands,428,thousands,3,v2363404,1.2.25.1.1,809.5,Unknown,1
2023,Canada,2021A000011124,Employment,"Information, culture and recreation [51, 71]",Total - Gender,15 years and over,Persons in thousands,428,thousands,3,v2363404,1.2.25.1.1,847.8,Unknown,1
2024,Canada,2021A000011124,Employment,"Information, culture and recreation [51, 71]",Total - Gender,15 years and over,Persons in thousands,428,thousands,3,v2363404,1.2.25.1.1,843.4,Unknown,1
2020,Canada,2021A000011124,Employment,Accommodation and food services [72],Total - Gender,15 years and over,Persons in thousands,428,thousands,3,v2363405,1.2.26.1.1,947.1,Unknown,1
2021,Canada,2021A000011124,Employment,Accommodation and food services [72],Total - Gender,15 years and over,Persons in thousands,428,thousands,3,v2363405,1.2.26.1.1,962.7,Unknown,1
2022,Canada,2021A000011124,Employment,Accommodation and food services [72],Total - Gender,15 years and over,Persons in thousands,428,thousands,3,v2363405,1.2.26.1.1,1042.2,Unknown,1
2023,Canada,2021A000011124,Employment,Accommodation and food services [72],Total - Gender,15 years and over,Persons in thousands,428,thousands,3,v2363405,1.2.26.1.1,1129.2,Unknown,1
2024,Canada,2021A000011124,Employment,Accommodation and food services [72],Total - Gender,15 years and over,Persons in thousands,428,thousands,3,v2363405,1.2.26.1.1,1138.9,Unknown,1
2020,Canada,2021A000011124,Employment,Other services (except public administration) [81],Total - Gender,15 years and over,Persons in thousands,428,thousands,3,v2363406,1.2.27.1.1,704.6,Unknown,1
2021,Canada,2021A000011124,Employment,Other services (except public administration) [81],Total - Gender,15 years and over,Persons in thousands,428,thousands,3,v2363406,1.2.27.1.1,717.0,Unknown,1
2022,Canada,2021A000011124,Employment,Other services (except public administration) [81],Total - Gender,15 years and over,Persons in thousands,428,thousands,3,v2363406,1.2.27.1.1,710.2,Unknown,1
2023,Canada,2021A000011124,Employment,Other services (except public administration) [81],Total - Gender,15 years and over,Persons in thousands,428,thousands,3,v2363406,1.2.27.1.1,768.3,Unknown,1
2024,Canada,2021A000011124,Employment,Other services (except public administration) [81],Total - Gender,15 years and over,Persons in thousands,428,thousands,3,v2363406,1.2.27.1.1,801.4,Unknown,1
2020,Canada,2021A000011124,Employment,Public administration [91],Total - Gender,15 years and over,Persons in thousands,428,thousands,3,v2363407,1.2.28.1.1,997.9,Unknown,1
2021,Canada,2021A000011124,Employment,Public administration [91],Total - Gender,15 years and over,Persons in thousands,428,thousands,3,v2363407,1.2.28.1.1,1076.7,Unknown,1
2022,Canada,2021A000011124,Employment,Public administration [91],Total - Gender,15 years and over,Persons in thousands,428,thousands,3,v2363407,1.2.28.1.1,1141.7,Unknown,1
2023,Canada,2021A000011124,Employment,Public administration [91],Total - Gender,15 years and over,Persons in thousands,428,thousands,3,v2363407,1.2.28.1.1,1187.1,Unknown,1
2024,Canada,2021A000011124,Employment,Public administration [91],Total - Gender,15 years and over,Persons in thousands,428,thousands,3,v2363407,1.2.28.1.1,1227.8,Unknown,1
